--------------------------------------------------------
--  Datei erstellt -Sonntag-Januar-21-2024   
--------------------------------------------------------
--------------------------------------------------------
--  DDL for Sequence MEDIKAMENT_SEQ
--------------------------------------------------------

   CREATE SEQUENCE  "DSTEVIC"."MEDIKAMENT_SEQ"  MINVALUE 1 MAXVALUE 9999999999999999999999999999 INCREMENT BY 1 START WITH 21 CACHE 20 NOORDER  NOCYCLE  NOKEEP  NOSCALE  GLOBAL ;
--------------------------------------------------------
--  DDL for Table ARZT
--------------------------------------------------------

  CREATE TABLE "DSTEVIC"."ARZT" 
   (	"MITARBEITER_NR" NUMBER(*,0) GENERATED BY DEFAULT ON NULL AS IDENTITY MINVALUE 1 MAXVALUE 9999999999999999999999999999 INCREMENT BY 1 START WITH 1 CACHE 20 NOORDER  NOCYCLE  NOKEEP  NOSCALE , 
	"KRANKENHAUS_ID" NUMBER(1,0), 
	"NAME" CHAR(256 BYTE), 
	"VORNAME" CHAR(256 BYTE), 
	"ARBEITSBEGINN" Number(4,2), 
	"ARBEITSENDE" Number(4,2), 
	"FACHRICHTUNG" CHAR(256 BYTE), 
	"POSITION" CHAR(256 BYTE)
   ) SEGMENT CREATION IMMEDIATE 
  PCTFREE 10 PCTUSED 40 INITRANS 1 MAXTRANS 255 
 NOCOMPRESS LOGGING
  STORAGE(INITIAL 65536 NEXT 1048576 MINEXTENTS 1 MAXEXTENTS 2147483645
  PCTINCREASE 0 FREELISTS 1 FREELIST GROUPS 1
  BUFFER_POOL DEFAULT FLASH_CACHE DEFAULT CELL_FLASH_CACHE DEFAULT)
  TABLESPACE "DBLAB" ;
  
  comment on column ARZT.MITARBEITER_NR is
'Prim rschl ssel';
comment on column ARZT.KRANKENHAUS_ID is
'Sekund rschl ssel. In welchem Krankenhaus der Arzt eingestellt ist';
comment on column ARZT.NAME is
'Nachname des Personals';
comment on column ARZT.VORNAME is
'Vorname des Personals';
comment on column ARZT.ARBEITSBEGINN is
'Beginn der Arbeitszeit (Schicht) NULL = Momentan nicht am Arbeiten';
comment on column ARZT.ARBEITSENDE is
'Ende der Arbeitszeit (Schicht)  NULL = Momentan nicht am Arbeiten';
comment on column ARZT.FACHRICHTUNG is
'Medizinische Gebiet in der sich der Arzt spezialisiert hat';
comment on column ARZT.POSITION is
'Position im Krankenhaus (Chefarzt, Oberarzt, Assistenzarzt)';
--------------------------------------------------------
--  DDL for Table ARZT_OPERATION
--------------------------------------------------------

  CREATE TABLE "DSTEVIC"."ARZT_OPERATION" 
   (	"BEHANDLUNGS_ID" NUMBER(*,0), 
	"MITARBEITER_NR" NUMBER(*,0)
   ) SEGMENT CREATION IMMEDIATE 
  PCTFREE 10 PCTUSED 40 INITRANS 1 MAXTRANS 255 
 NOCOMPRESS LOGGING
  STORAGE(INITIAL 65536 NEXT 1048576 MINEXTENTS 1 MAXEXTENTS 2147483645
  PCTINCREASE 0 FREELISTS 1 FREELIST GROUPS 1
  BUFFER_POOL DEFAULT FLASH_CACHE DEFAULT CELL_FLASH_CACHE DEFAULT)
  TABLESPACE "DBLAB" ;
  
  comment on column ARZT_OPERATION.MITARBEITER_NR is
'Prim rschl ssel';
comment on column ARZT_OPERATION.BEHANDLUNGS_ID is
'Prim rschl ssel';
--------------------------------------------------------
--  DDL for Table ARZT_THERAPIE
--------------------------------------------------------

  CREATE TABLE "DSTEVIC"."ARZT_THERAPIE" 
   (	"BEHANDLUNGS_ID" NUMBER(*,0), 
	"MITARBEITER_NR" NUMBER(*,0)
   ) SEGMENT CREATION IMMEDIATE 
  PCTFREE 10 PCTUSED 40 INITRANS 1 MAXTRANS 255 
 NOCOMPRESS LOGGING
  STORAGE(INITIAL 65536 NEXT 1048576 MINEXTENTS 1 MAXEXTENTS 2147483645
  PCTINCREASE 0 FREELISTS 1 FREELIST GROUPS 1
  BUFFER_POOL DEFAULT FLASH_CACHE DEFAULT CELL_FLASH_CACHE DEFAULT)
  TABLESPACE "DBLAB" ;
--------------------------------------------------------
--  DDL for Table BENUTZER
--------------------------------------------------------

  CREATE TABLE "DSTEVIC"."BENUTZER" 
   (	"BENUTZERNAME" VARCHAR2(40 BYTE), 
	"PASSWORT" VARCHAR2(256 BYTE)
   ) SEGMENT CREATION IMMEDIATE 
  PCTFREE 10 PCTUSED 40 INITRANS 1 MAXTRANS 255 
 NOCOMPRESS LOGGING
  STORAGE(INITIAL 65536 NEXT 1048576 MINEXTENTS 1 MAXEXTENTS 2147483645
  PCTINCREASE 0 FREELISTS 1 FREELIST GROUPS 1
  BUFFER_POOL DEFAULT FLASH_CACHE DEFAULT CELL_FLASH_CACHE DEFAULT)
  TABLESPACE "DBLAB" ;
--------------------------------------------------------
--  DDL for Table DIAGNOSE
--------------------------------------------------------

  CREATE TABLE "DSTEVIC"."DIAGNOSE" 
   (	"DIAGNOSE_ID" NUMBER(*,0) GENERATED BY DEFAULT ON NULL AS IDENTITY MINVALUE 1 MAXVALUE 9999999999999999999999999999 INCREMENT BY 1 START WITH 1 CACHE 20 NOORDER  NOCYCLE  NOKEEP  NOSCALE , 
	"MITARBEITER_NR" NUMBER(*,0), 
	"DIAGNOSE_DATUM" DATE, 
	"BESCHREIBUNG" VARCHAR2(1024 BYTE), 
	"STATUS" NUMBER(1,0) DEFAULT 1, 
	"PATIENTEN_ID" NUMBER(*,0)
   ) SEGMENT CREATION IMMEDIATE 
  PCTFREE 10 PCTUSED 40 INITRANS 1 MAXTRANS 255 
 NOCOMPRESS LOGGING
  STORAGE(INITIAL 65536 NEXT 1048576 MINEXTENTS 1 MAXEXTENTS 2147483645
  PCTINCREASE 0 FREELISTS 1 FREELIST GROUPS 1
  BUFFER_POOL DEFAULT FLASH_CACHE DEFAULT CELL_FLASH_CACHE DEFAULT)
  TABLESPACE "DBLAB" ;

   COMMENT ON COLUMN "DSTEVIC"."DIAGNOSE"."STATUS" IS '0 = Behandlung abgeschlossen
1 = nicht behandelt';
comment on column DIAGNOSE.MITARBEITER_NR is
'Sekund rschl ssel. Welcher Arzt hat die Diagnose erstellt';
comment on column DIAGNOSE.DIAGNOSE_ID is
'Prim rschl ssel';
comment on column DIAGNOSE.PATIENTEN_ID is
'Sekund rschl ssel. Welchem Patienten ist die Diagnose zugeordnet';
comment on column DIAGNOSE.DIAGNOSE_DATUM is
'Wann wurde die Diagnose erstellt';
comment on column DIAGNOSE.BESCHREIBUNG is
'Beschreibung was diagnostiziert wurde';

--------------------------------------------------------
--  DDL for Table KRANKENHAUS
--------------------------------------------------------

  CREATE TABLE "DSTEVIC"."KRANKENHAUS" 
   (	"KRANKENHAUS_ID" NUMBER(1,0) GENERATED BY DEFAULT ON NULL AS IDENTITY MINVALUE 1 MAXVALUE 5 INCREMENT BY 1 START WITH 1 CACHE 20 NOORDER  NOCYCLE  NOKEEP  NOSCALE , 
	"STADT" CHAR(75 BYTE), 
	"ADRESSE" VARCHAR2(1024 BYTE), 
	"NAME" CHAR(70 BYTE)
   ) SEGMENT CREATION IMMEDIATE 
  PCTFREE 10 PCTUSED 40 INITRANS 1 MAXTRANS 255 
 NOCOMPRESS LOGGING
  STORAGE(INITIAL 65536 NEXT 1048576 MINEXTENTS 1 MAXEXTENTS 2147483645
  PCTINCREASE 0 FREELISTS 1 FREELIST GROUPS 1
  BUFFER_POOL DEFAULT FLASH_CACHE DEFAULT CELL_FLASH_CACHE DEFAULT)
  TABLESPACE "DBLAB" ;
  
  comment on column KRANKENHAUS.KRANKENHAUS_ID is
'Prim rschl ssel';
comment on column KRANKENHAUS.STADT is
'Stadt in der sich das KH befindet';
comment on column KRANKENHAUS.ADRESSE is
'Anschrift des KH';
comment on column KRANKENHAUS.NAME is
'Name des Krankenhauses';

--------------------------------------------------------
--  DDL for Table KRANKENPFLEGER
--------------------------------------------------------

  CREATE TABLE "DSTEVIC"."KRANKENPFLEGER" 
   (	"MITARBEITER_NR" NUMBER(*,0) GENERATED BY DEFAULT ON NULL AS IDENTITY MINVALUE 1 MAXVALUE 9999999999999999999999999999 INCREMENT BY 1 START WITH 1 CACHE 20 NOORDER  NOCYCLE  NOKEEP  NOSCALE , 
	"KRANKENHAUS_ID" NUMBER(1,0), 
	"NAME" CHAR(256 BYTE), 
	"VORNAME" CHAR(256 BYTE), 
	"ARBEITSBEGINN" Number(4,2), 
	"ARBEITSENDE" Number(4,2), 
	"QUALIFIKATIONEN" VARCHAR2(1024 BYTE), 
	"BERECHTIGUNGEN" NUMBER(1,0)
   ) SEGMENT CREATION IMMEDIATE 
  PCTFREE 10 PCTUSED 40 INITRANS 1 MAXTRANS 255 
 NOCOMPRESS LOGGING
  STORAGE(INITIAL 65536 NEXT 1048576 MINEXTENTS 1 MAXEXTENTS 2147483645
  PCTINCREASE 0 FREELISTS 1 FREELIST GROUPS 1
  BUFFER_POOL DEFAULT FLASH_CACHE DEFAULT CELL_FLASH_CACHE DEFAULT)
  TABLESPACE "DBLAB" ;
  
  comment on column KRANKENPFLEGER.MITARBEITER_NR is
'Prim rschl ssel';
comment on column KRANKENPFLEGER.KRANKENHAUS_ID is
'Sekund rschl ssel. In welchem Krankenhaus ist der Krankenpfleger eingestellt';
comment on column KRANKENPFLEGER.NAME is
'Nachname des Personals';
comment on column KRANKENPFLEGER.VORNAME is
'Vorname des Personals';
comment on column KRANKENPFLEGER.ARBEITSBEGINN is
'Beginn der Arbeitszeit (Schicht) NULL = Momentan nicht am Arbeiten';
comment on column KRANKENPFLEGER.ARBEITSENDE is
'Ende der Arbeitszeit (Schicht)  NULL = Momentan nicht am Arbeiten';
comment on column KRANKENPFLEGER.QUALIFIKATIONEN is
'Fachkompetenz und die F higkeit zur Anwendung von Kenntnissen und Fertigkeiten';
comment on column KRANKENPFLEGER.BERECHTIGUNGEN is
'Berechtigungsstufe bestimmte Therapien auszuf hren. Je > die Zahl, desto h her die Berechtigung (1-3)';
--------------------------------------------------------
--  DDL for Table KRANKENPFLEGER_ARZT
--------------------------------------------------------

  CREATE TABLE "DSTEVIC"."KRANKENPFLEGER_ARZT" 
   (	"BEHANDLUNGS_ID" NUMBER(*,0), 
	"MITARBEITER_NR" NUMBER(*,0)
   ) SEGMENT CREATION IMMEDIATE 
  PCTFREE 10 PCTUSED 40 INITRANS 1 MAXTRANS 255 
 NOCOMPRESS LOGGING
  STORAGE(INITIAL 65536 NEXT 1048576 MINEXTENTS 1 MAXEXTENTS 2147483645
  PCTINCREASE 0 FREELISTS 1 FREELIST GROUPS 1
  BUFFER_POOL DEFAULT FLASH_CACHE DEFAULT CELL_FLASH_CACHE DEFAULT)
  TABLESPACE "DBLAB" ;
--------------------------------------------------------
--  DDL for Table KRANKENPFLEGER_THERAPIE
--------------------------------------------------------

  CREATE TABLE "DSTEVIC"."KRANKENPFLEGER_THERAPIE" 
   (	"BEHANDLUNGS_ID" NUMBER(*,0), 
	"MITARBEITER_NR" NUMBER(*,0)
   ) SEGMENT CREATION IMMEDIATE 
  PCTFREE 10 PCTUSED 40 INITRANS 1 MAXTRANS 255 
 NOCOMPRESS LOGGING
  STORAGE(INITIAL 65536 NEXT 1048576 MINEXTENTS 1 MAXEXTENTS 2147483645
  PCTINCREASE 0 FREELISTS 1 FREELIST GROUPS 1
  BUFFER_POOL DEFAULT FLASH_CACHE DEFAULT CELL_FLASH_CACHE DEFAULT)
  TABLESPACE "DBLAB" ;
  
  comment on column KRANKENPFLEGER_THERAPIE.MITARBEITER_NR is
'Prim rschl ssel';
comment on column KRANKENPFLEGER_THERAPIE.BEHANDLUNGS_ID is
'Prim rschl ssel';
--------------------------------------------------------
--  DDL for Table LAGERRAUM
--------------------------------------------------------

  CREATE TABLE "DSTEVIC"."LAGERRAUM" 
   (	"RAUM_NR" NUMBER(*,0), 
	"STATIONS_ID" NUMBER(*,0), 
	"LAGERKAPAZITAET" NUMBER(*,0), 
	"LAGERRAUM_ID" NUMBER(*,0) GENERATED BY DEFAULT ON NULL AS IDENTITY MINVALUE 1 MAXVALUE 9999999999999999999999999999 INCREMENT BY 1 START WITH 1 CACHE 20 NOORDER  NOCYCLE  NOKEEP  NOSCALE 
   ) SEGMENT CREATION IMMEDIATE 
  PCTFREE 10 PCTUSED 40 INITRANS 1 MAXTRANS 255 
 NOCOMPRESS LOGGING
  STORAGE(INITIAL 65536 NEXT 1048576 MINEXTENTS 1 MAXEXTENTS 2147483645
  PCTINCREASE 0 FREELISTS 1 FREELIST GROUPS 1
  BUFFER_POOL DEFAULT FLASH_CACHE DEFAULT CELL_FLASH_CACHE DEFAULT)
  TABLESPACE "DBLAB" ;

   comment on column LAGERRAUM.LAGERRAUM_ID is
'Primärschlüssel';
comment on column LAGERRAUM.STATIONS_ID is
'Sekund rschl ssel. In welcher Station befindet sich der Raum';
comment on column LAGERRAUM.RAUM_NR is
'Die Raumnummer';
comment on column LAGERRAUM.LAGERKAPAZITAET is
'Wie viele Medikamente k nnen maximal gelagert werden';
--------------------------------------------------------
--  DDL for Table MEDIKAMENT
--------------------------------------------------------

  CREATE TABLE "DSTEVIC"."MEDIKAMENT" 
   (	"LAGERRAUM_ID" NUMBER(*,0), 
	"NAME" CHAR(256 BYTE), 
	"NEBENWIRKUNGEN" VARCHAR2(1024 BYTE), 
	"BESTELLSTATUS" NUMBER(1,0) DEFAULT 0, 
	"MEDIKAMENTEN_NR" NUMBER(*,0) GENERATED BY DEFAULT ON NULL AS IDENTITY MINVALUE 1 MAXVALUE 9999999999999999999999999999 INCREMENT BY 1 START WITH 1 CACHE 20 NOORDER  NOCYCLE  NOKEEP  NOSCALE , 
	"PATIENTEN_ID" NUMBER(*,0), 
	"INFO" VARCHAR2(1024 BYTE)
   ) SEGMENT CREATION IMMEDIATE 
  PCTFREE 10 PCTUSED 40 INITRANS 1 MAXTRANS 255 
 NOCOMPRESS LOGGING
  STORAGE(INITIAL 65536 NEXT 1048576 MINEXTENTS 1 MAXEXTENTS 2147483645
  PCTINCREASE 0 FREELISTS 1 FREELIST GROUPS 1
  BUFFER_POOL DEFAULT FLASH_CACHE DEFAULT CELL_FLASH_CACHE DEFAULT)
  TABLESPACE "DBLAB" ;

comment on column MEDIKAMENT.MEDIKAMENTEN_NR is
'Prim rschlüssel';
comment on column MEDIKAMENT.PATIENTEN_ID is
'Sekund rschlüssel. Welchem Patienten das Medikament zugeordnet ist';
comment on column MEDIKAMENT.LAGERRAUM_ID is
'Sekund rschlüssel. In welchem Lagerraum sich das Medikament befindet oder geliefert wird';
comment on column MEDIKAMENT.NAME is
'Name des Medikamentes';
comment on column MEDIKAMENT.INFO is
'Genauere Information was das Medikament bewirkt';
comment on column MEDIKAMENT.NEBENWIRKUNGEN is
'Eventuelle Nebenwirkungen die das Medikament mit sich bringt';
comment on column MEDIKAMENT.BESTELLSTATUS is
'Gibt an ob das Medikament im Lager liegt oder noch ins Lager geliefert wird. 0 = in Bestellung 1 = Im Lager';
--------------------------------------------------------
--  DDL for Table OPERATION
--------------------------------------------------------

  CREATE TABLE "DSTEVIC"."OPERATION" 
   (	"BEHANDLUNGS_ID" NUMBER(*,0) GENERATED BY DEFAULT ON NULL AS IDENTITY MINVALUE 1 MAXVALUE 9999999999999999999999999999 INCREMENT BY 1 START WITH 1 CACHE 20 NOORDER  NOCYCLE  NOKEEP  NOSCALE , 
	"OPERATIONSSAAL_ID" NUMBER(*,0), 
	"BEZEICHNUNG" CHAR(256 BYTE), 
	"INFO" VARCHAR2(1024 BYTE), 
	"ENDZEIT" DATE, 
    "STARTZEIT" DATE,
	"FACHRICHTUNG" VARCHAR2(1024 BYTE)
   ) SEGMENT CREATION IMMEDIATE 
  PCTFREE 10 PCTUSED 40 INITRANS 1 MAXTRANS 255 
 NOCOMPRESS LOGGING
  STORAGE(INITIAL 65536 NEXT 1048576 MINEXTENTS 1 MAXEXTENTS 2147483645
  PCTINCREASE 0 FREELISTS 1 FREELIST GROUPS 1
  BUFFER_POOL DEFAULT FLASH_CACHE DEFAULT CELL_FLASH_CACHE DEFAULT)
  TABLESPACE "DBLAB" ;
  
  comment on column OPERATION.BEHANDLUNGS_ID is
'Prim rschlüssel';
comment on column OPERATION.OPERATIONSSAAL_ID is
'Sekund rschlüssel. In welchem Operationssaal ist die Operation gebucht';
comment on column OPERATION.BEZEICHNUNG is
'Oberbegriff für die Behandlung';
comment on column OPERATION.INFO is
'Weitere Informationen zur Behandlung';
comment on column OPERATION.FACHRICHTUNG is
'Die benötigte Fachrichtung der Ärzte';
comment on column OPERATION.STARTZEIT is
'Datum wann die Behandlung beginnt';
comment on column OPERATION.ENDZEIT is
'Voraussichtliche Beendigung der Behandlung';
--------------------------------------------------------
--  DDL for Table OPERATION_DIAGNOSE
--------------------------------------------------------

  CREATE TABLE "DSTEVIC"."OPERATION_DIAGNOSE" 
   (	"BEHANDLUNGS_ID" NUMBER(*,0), 
	"DIAGNOSE_ID" NUMBER(*,0)
   ) SEGMENT CREATION IMMEDIATE 
  PCTFREE 10 PCTUSED 40 INITRANS 1 MAXTRANS 255 
 NOCOMPRESS LOGGING
  STORAGE(INITIAL 65536 NEXT 1048576 MINEXTENTS 1 MAXEXTENTS 2147483645
  PCTINCREASE 0 FREELISTS 1 FREELIST GROUPS 1
  BUFFER_POOL DEFAULT FLASH_CACHE DEFAULT CELL_FLASH_CACHE DEFAULT)
  TABLESPACE "DBLAB" ;
  
  comment on column OPERATION_DIAGNOSE.BEHANDLUNGS_ID is
'Prim rschl ssel';
comment on column OPERATION_DIAGNOSE.DIAGNOSE_ID is
'Prim rschl ssel';
--------------------------------------------------------
--  DDL for Table OPERATIONSSAAL
--------------------------------------------------------

  CREATE TABLE "DSTEVIC"."OPERATIONSSAAL" 
   (	"RAUM_NR" NUMBER(*,0), 
	"STATIONS_ID" NUMBER(*,0), 
	"PERSONENKAPAZITAET" NUMBER(*,0), 
	"OEFFNUNGSZEIT" NUMBER(4,2), 
	"SCHLIESSUNGSZEIT" NUMBER(4,2), 
	"OPERATIONSSAAL_ID" NUMBER(*,0) GENERATED BY DEFAULT ON NULL AS IDENTITY MINVALUE 1 MAXVALUE 9999999999999999999999999999 INCREMENT BY 1 START WITH 1 CACHE 20 NOORDER  NOCYCLE  NOKEEP  NOSCALE 
   ) SEGMENT CREATION IMMEDIATE 
  PCTFREE 10 PCTUSED 40 INITRANS 1 MAXTRANS 255 
 NOCOMPRESS LOGGING
  STORAGE(INITIAL 65536 NEXT 1048576 MINEXTENTS 1 MAXEXTENTS 2147483645
  PCTINCREASE 0 FREELISTS 1 FREELIST GROUPS 1
  BUFFER_POOL DEFAULT FLASH_CACHE DEFAULT CELL_FLASH_CACHE DEFAULT)
  TABLESPACE "DBLAB" ;

comment on column OPERATIONSSAAL.OPERATIONSSAAL_ID is
'Primärschlüssel';
comment on column OPERATIONSSAAL.STATIONS_ID is
'Sekundärschlüssel. In welcher Station befindet sich der Raum';
comment on column OPERATIONSSAAL.RAUM_NR is
'Die Raumnummer';
comment on column OPERATIONSSAAL.PERSONENKAPAZITAET is
'Wie viele Personen sind w hrend der Operation maximal erlaubt';
comment on column OPERATIONSSAAL.OEFFNUNGSZEIT is
'Wann wird der Raum f r Operationen ge ffnet. NULL = Raum steht nicht zur Verf gung';
comment on column OPERATIONSSAAL.SCHLIESSUNGSZEIT is
'Wann wird der Raum f r Operationen geschlossen. NULL = Raum steht nicht zur Verf gung';
--------------------------------------------------------
--  DDL for Table PATIENT
--------------------------------------------------------

  CREATE TABLE "DSTEVIC"."PATIENT" 
   (	"PATIENTEN_ID" NUMBER(*,0) GENERATED BY DEFAULT ON NULL AS IDENTITY MINVALUE 1 MAXVALUE 9999999999999999999999999999 INCREMENT BY 1 START WITH 1 CACHE 20 NOORDER  NOCYCLE  NOKEEP  NOSCALE , 
	"KRANKENHAUS_ID" NUMBER(1,0), 
	"PATIENTENRAUM_ID" NUMBER(*,0), 
	"NAME" VARCHAR2(1024 BYTE), 
	"AUFNAHME_DATUM" DATE, 
	"ENTLASSUNGS_DATUM" DATE, 
	"GESCHLECHT" NUMBER(1,0), 
	"GEBURTSDATUM" DATE, 
	"BLUTGRUPPE" VARCHAR2(1024 BYTE)
   ) SEGMENT CREATION IMMEDIATE 
  PCTFREE 10 PCTUSED 40 INITRANS 1 MAXTRANS 255 
 NOCOMPRESS LOGGING
  STORAGE(INITIAL 65536 NEXT 1048576 MINEXTENTS 1 MAXEXTENTS 2147483645
  PCTINCREASE 0 FREELISTS 1 FREELIST GROUPS 1
  BUFFER_POOL DEFAULT FLASH_CACHE DEFAULT CELL_FLASH_CACHE DEFAULT)
  TABLESPACE "DBLAB" ;

comment on column PATIENT.PATIENTEN_ID is
'Prim rschl ssel';
comment on column PATIENT.KRANKENHAUS_ID is
'Sekund rschl ssel, In welchem Krankenhaus sich der Patient befindet';
comment on column PATIENT.PATIENTENRAUM_ID is
'Sekund rschl ssel. In welchem Raum sich der Patient befindet';
comment on column PATIENT.NAME is
'Name des Patienten (Vor- und Nachname)';
comment on column PATIENT.AUFNAHME_DATUM is
'Letzte Aufnahmedatum';
comment on column PATIENT.ENTLASSUNGS_DATUM is
'Letztes Entlassungsdatum';
comment on column PATIENT.GESCHLECHT is
'Geschlecht des Patienten (M = 0/W = 1/D = 2)';
comment on column PATIENT.GEBURTSDATUM is
'Geburtstag des Patienten';
comment on column PATIENT.BLUTGRUPPE is
'Blutgruppe des Patienten (0,A,B,AB)';
--------------------------------------------------------
--  DDL for Table PATIENTENRAUM
--------------------------------------------------------

  CREATE TABLE "DSTEVIC"."PATIENTENRAUM" 
   (	"RAUM_NR" NUMBER(*,0), 
	"BETTKAPAZITAET" NUMBER(*,0), 
	"STATIONS_ID" NUMBER(*,0), 
	"PATIENTENRAUM_ID" NUMBER(*,0) GENERATED BY DEFAULT ON NULL AS IDENTITY MINVALUE 1 MAXVALUE 9999999999999999999999999999 INCREMENT BY 1 START WITH 1 CACHE 20 NOORDER  NOCYCLE  NOKEEP  NOSCALE 
   ) SEGMENT CREATION IMMEDIATE 
  PCTFREE 10 PCTUSED 40 INITRANS 1 MAXTRANS 255 
 NOCOMPRESS LOGGING
  STORAGE(INITIAL 65536 NEXT 1048576 MINEXTENTS 1 MAXEXTENTS 2147483645
  PCTINCREASE 0 FREELISTS 1 FREELIST GROUPS 1
  BUFFER_POOL DEFAULT FLASH_CACHE DEFAULT CELL_FLASH_CACHE DEFAULT)
  TABLESPACE "DBLAB" ;
  
  comment on column PATIENTENRAUM.PATIENTENRAUM_ID is
'Prim rschl ssel';
comment on column PATIENTENRAUM.STATIONS_ID is
'Sekund rschl ssel. In welcher Station befindet sich der Raum';
comment on column PATIENTENRAUM.RAUM_NR is
'Die Raumnummer';
comment on column PATIENTENRAUM.BETTKAPAZITAET is
'Wie viele Betten gibt es im Raum';
--------------------------------------------------------
--  DDL for Table PATIENT_VERSICHERUNG
--------------------------------------------------------

  CREATE TABLE "DSTEVIC"."PATIENT_VERSICHERUNG" 
   (	"BETRIEBSNUMMER" NUMBER(*,0), 
	"PATIENTEN_ID" NUMBER(*,0), 
	"VERSICHERUNGSNUMMER" NUMBER(*,0)
   ) SEGMENT CREATION IMMEDIATE 
  PCTFREE 10 PCTUSED 40 INITRANS 1 MAXTRANS 255 
 NOCOMPRESS LOGGING
  STORAGE(INITIAL 65536 NEXT 1048576 MINEXTENTS 1 MAXEXTENTS 2147483645
  PCTINCREASE 0 FREELISTS 1 FREELIST GROUPS 1
  BUFFER_POOL DEFAULT FLASH_CACHE DEFAULT CELL_FLASH_CACHE DEFAULT)
  TABLESPACE "DBLAB" ;
  
  comment on column PATIENT_VERSICHERUNG.PATIENTEN_ID is
'Prim rschl ssel';
comment on column PATIENT_VERSICHERUNG.BETRIEBSNUMMER is
'Prim rschl ssel';
--------------------------------------------------------
--  DDL for Table RECHNUNG
--------------------------------------------------------

  CREATE TABLE "DSTEVIC"."RECHNUNG" 
   (	"RECHNUNGS_NR" NUMBER(*,0) GENERATED BY DEFAULT ON NULL AS IDENTITY MINVALUE 1 MAXVALUE 9999999999999999999999999999 INCREMENT BY 1 START WITH 1 CACHE 20 NOORDER  NOCYCLE  NOKEEP  NOSCALE , 
	"PATIENTEN_ID" NUMBER(*,0), 
	"BETRIEBSNUMMER" NUMBER(*,0), 
	"BETRAG" NUMBER(8,2), 
	"ZUZAHLUNG" NUMBER(8,2), 
	"AUSSTELLUNGS_DATUM" DATE, 
	"FAELLIGKEITS_DATUM" DATE, 
	"STATUS" NUMBER(1,0)
   ) SEGMENT CREATION IMMEDIATE 
  PCTFREE 10 PCTUSED 40 INITRANS 1 MAXTRANS 255 
 NOCOMPRESS LOGGING
  STORAGE(INITIAL 65536 NEXT 1048576 MINEXTENTS 1 MAXEXTENTS 2147483645
  PCTINCREASE 0 FREELISTS 1 FREELIST GROUPS 1
  BUFFER_POOL DEFAULT FLASH_CACHE DEFAULT CELL_FLASH_CACHE DEFAULT)
  TABLESPACE "DBLAB" ;

   comment on column RECHNUNG.RECHNUNGS_NR is
'Prim rschl ssel';
comment on column RECHNUNG.PATIENTEN_ID is
'Sekund rschl ssel. Welchem Patienten die Rechnung zugeordnet ist';
comment on column RECHNUNG.BETRIEBSNUMMER is
'Sekund rschl ssel. Welcher Versicherung die Rechnung zugeordnet ist';
comment on column RECHNUNG.BETRAG is
'Der zu zahlende Betrag f r die Versicherung';
comment on column RECHNUNG.ZUZAHLUNG is
'Die Zuzahlung von dem Patienten';
comment on column RECHNUNG.AUSSTELLUNGS_DATUM is
'Datum wann die Rechnung der Versicherung ausgestellt wurde';
comment on column RECHNUNG.FAELLIGKEITS_DATUM is
'Datum wann die Rechnung sp testens beglichen werden muss';
comment on column RECHNUNG.STATUS is
'0 = Rechnung beglichen 1 = Rechnung nicht beglichen';
--------------------------------------------------------
--  DDL for Table STATION
--------------------------------------------------------

  CREATE TABLE "DSTEVIC"."STATION" 
   (	"STATIONS_NAME" VARCHAR2(50 BYTE), 
	"KRANKENHAUS_ID" NUMBER(1,0), 
	"NOTFALLSTATION" NUMBER(1,0) DEFAULT 0, 
	"STATIONS_ID" NUMBER(*,0) GENERATED BY DEFAULT ON NULL AS IDENTITY MINVALUE 1 MAXVALUE 9999999999999999999999999999 INCREMENT BY 1 START WITH 1 CACHE 20 NOORDER  NOCYCLE  NOKEEP  NOSCALE 
   ) SEGMENT CREATION IMMEDIATE 
  PCTFREE 10 PCTUSED 40 INITRANS 1 MAXTRANS 255 
 NOCOMPRESS LOGGING
  STORAGE(INITIAL 65536 NEXT 1048576 MINEXTENTS 1 MAXEXTENTS 2147483645
  PCTINCREASE 0 FREELISTS 1 FREELIST GROUPS 1
  BUFFER_POOL DEFAULT FLASH_CACHE DEFAULT CELL_FLASH_CACHE DEFAULT)
  TABLESPACE "DBLAB" ;

   comment on column STATION.STATIONS_ID is
'Prim rschl ssel';
comment on column STATION.KRANKENHAUS_ID is
'Sekund rschl ssel. Zu welchem Krankenhaus geh rt die Station';
comment on column STATION.NOTFALLSTATION is
'Ist die Station f r Notf lle. 0 = Nein 1 = Ja';
comment on column STATION.STATIONS_NAME is
'Bezeichnung der Station';
--------------------------------------------------------
--  DDL for Table STATION_ARZT
--------------------------------------------------------

  CREATE TABLE "DSTEVIC"."STATION_ARZT" 
   (	"MITARBEITER_NR" NUMBER(*,0), 
	"STATIONS_ID" NUMBER(*,0)
   ) SEGMENT CREATION IMMEDIATE 
  PCTFREE 10 PCTUSED 40 INITRANS 1 MAXTRANS 255 
 NOCOMPRESS LOGGING
  STORAGE(INITIAL 65536 NEXT 1048576 MINEXTENTS 1 MAXEXTENTS 2147483645
  PCTINCREASE 0 FREELISTS 1 FREELIST GROUPS 1
  BUFFER_POOL DEFAULT FLASH_CACHE DEFAULT CELL_FLASH_CACHE DEFAULT)
  TABLESPACE "DBLAB" ;
  
  comment on column STATION_ARZT.MITARBEITER_NR is
'Prim rschl ssel';
comment on column STATION_ARZT.STATIONS_ID is
'Prim rschl ssel';
--------------------------------------------------------
--  DDL for Table STATION_KRANKENPFLEGER
--------------------------------------------------------

  CREATE TABLE "DSTEVIC"."STATION_KRANKENPFLEGER" 
   (	"MITARBEITER_NR" NUMBER(*,0), 
	"STATIONS_ID" NUMBER(*,0)
   ) SEGMENT CREATION IMMEDIATE 
  PCTFREE 10 PCTUSED 40 INITRANS 1 MAXTRANS 255 
 NOCOMPRESS LOGGING
  STORAGE(INITIAL 65536 NEXT 1048576 MINEXTENTS 1 MAXEXTENTS 2147483645
  PCTINCREASE 0 FREELISTS 1 FREELIST GROUPS 1
  BUFFER_POOL DEFAULT FLASH_CACHE DEFAULT CELL_FLASH_CACHE DEFAULT)
  TABLESPACE "DBLAB" ;
  
  comment on column STATION_KRANKENPFLEGER.MITARBEITER_NR is
'Prim rschl ssel';
comment on column STATION_KRANKENPFLEGER.STATIONS_ID is
'Prim rschl ssel';
--------------------------------------------------------
--  DDL for Table TEMP_BEHANDLUNGS_ID
--------------------------------------------------------

  CREATE GLOBAL TEMPORARY TABLE "DSTEVIC"."TEMP_BEHANDLUNGS_ID" 
   (	"BEHANDLUNGS_ID" NUMBER
   ) ON COMMIT DELETE ROWS ;
--------------------------------------------------------
--  DDL for Table THERAPIE
--------------------------------------------------------

  CREATE TABLE "DSTEVIC"."THERAPIE" 
   (	"BEHANDLUNGS_ID" NUMBER(*,0) GENERATED BY DEFAULT ON NULL AS IDENTITY MINVALUE 1 MAXVALUE 9999999999999999999999999999 INCREMENT BY 1 START WITH 1 CACHE 20 NOORDER  NOCYCLE  NOKEEP  NOSCALE , 
	"BEZEICHNUNG" CHAR(256 BYTE), 
	"INFO" VARCHAR2(1024 BYTE), 
	"STARTZEITPUNKT" DATE, 
	"BERECHTIGUNGSSTUFE" NUMBER(1,0), 
	"ENDZEITPUNKT" DATE
   ) SEGMENT CREATION IMMEDIATE 
  PCTFREE 10 PCTUSED 40 INITRANS 1 MAXTRANS 255 
 NOCOMPRESS LOGGING
  STORAGE(INITIAL 65536 NEXT 1048576 MINEXTENTS 1 MAXEXTENTS 2147483645
  PCTINCREASE 0 FREELISTS 1 FREELIST GROUPS 1
  BUFFER_POOL DEFAULT FLASH_CACHE DEFAULT CELL_FLASH_CACHE DEFAULT)
  TABLESPACE "DBLAB" ;
  
  comment on column THERAPIE.BEHANDLUNGS_ID is
'Prim rschl ssel';
comment on column THERAPIE.BEZEICHNUNG is
'Oberbegriff f r die Behandlung';
comment on column THERAPIE.INFO is
'Weitere Informationen zur Behandlung';
comment on column THERAPIE.BERECHTIGUNGSSTUFE is
'Die Berechtigungsstufe die Mitarbeiter ben tigen, um die Behandlung durchzuf hren ';
comment on column THERAPIE.STARTZEITPUNKT is
'Datum wann die Behandlung beginnt';
comment on column THERAPIE.ENDZEITPUNKT is
'Voraussichtliche Beendigung der Behandlung';
--------------------------------------------------------
--  DDL for Table THERAPIE_DIAGNOSE
--------------------------------------------------------

  CREATE TABLE "DSTEVIC"."THERAPIE_DIAGNOSE" 
   (	"BEHANDLUNGS_ID" NUMBER(*,0), 
	"DIAGNOSE_ID" NUMBER(*,0)
   ) SEGMENT CREATION IMMEDIATE 
  PCTFREE 10 PCTUSED 40 INITRANS 1 MAXTRANS 255 
 NOCOMPRESS LOGGING
  STORAGE(INITIAL 65536 NEXT 1048576 MINEXTENTS 1 MAXEXTENTS 2147483645
  PCTINCREASE 0 FREELISTS 1 FREELIST GROUPS 1
  BUFFER_POOL DEFAULT FLASH_CACHE DEFAULT CELL_FLASH_CACHE DEFAULT)
  TABLESPACE "DBLAB" ;
  
  comment on column THERAPIE_DIAGNOSE.BEHANDLUNGS_ID is
'Prim rschl ssel';
comment on column THERAPIE_DIAGNOSE.DIAGNOSE_ID is
'Prim rschl ssel';
--------------------------------------------------------
--  DDL for Table VERSICHERUNG
--------------------------------------------------------

  CREATE TABLE "DSTEVIC"."VERSICHERUNG" 
   (	"BETRIEBSNUMMER" NUMBER(*,0), 
	"VERSICHERUNGSNAME" VARCHAR2(1024 BYTE)
   ) SEGMENT CREATION IMMEDIATE 
  PCTFREE 10 PCTUSED 40 INITRANS 1 MAXTRANS 255 
 NOCOMPRESS LOGGING
  STORAGE(INITIAL 65536 NEXT 1048576 MINEXTENTS 1 MAXEXTENTS 2147483645
  PCTINCREASE 0 FREELISTS 1 FREELIST GROUPS 1
  BUFFER_POOL DEFAULT FLASH_CACHE DEFAULT CELL_FLASH_CACHE DEFAULT)
  TABLESPACE "DBLAB" ;
  
  comment on column VERSICHERUNG.BETRIEBSNUMMER is
'Prim rschl ssel';
comment on column VERSICHERUNG.VERSICHERUNGSNAME is
'Name der Versicherung';
--------------------------------------------------------
--  DDL for View SHOW_PATIENTS_TABLE_VIEW
--------------------------------------------------------

  CREATE OR REPLACE FORCE EDITIONABLE VIEW "DSTEVIC"."SHOW_PATIENTS_TABLE_VIEW" ("PATIENTEN_ID", "KRANKENHAUSNAME", "PATIENTENRAUM", "NAME", "AUFNAHMEDATUM", "ENTLASSUNGSDATUM", "GESCHLECHT", "GEBURTSDATUM", "BLUTGRUPPE") AS 
  SELECT PATIENT.PATIENTEN_ID, 
        K.NAME AS KRANKENHAUSNAME, 
        S.STATIONS_NAME || '-' || PATIENT.PATIENTENRAUM_ID AS PATIENTENRAUM, 
        PATIENT.NAME, 
        SUBSTR(AUFNAHME_DATUM ,0,8) AS AUFNAHMEDATUM, 
        SUBSTR(ENTLASSUNGS_DATUM ,0,8) AS ENTLASSUNGSDATUM, 
        CASE
            WHEN GESCHLECHT = 1 THEN 'Weiblich'
            WHEN GESCHLECHT = 0 THEN 'M nnlich'
            WHEN GESCHLECHT = 2 THEN 'Divers'
            ELSE 'Unbekannt'
        END AS GESCHLECHT,
        SUBSTR(GEBURTSDATUM ,0,8) AS GEBURTSDATUM, 
        BLUTGRUPPE
        FROM "DSTEVIC"."PATIENT"
        JOIN "DSTEVIC"."KRANKENHAUS" K ON PATIENT.KRANKENHAUS_ID = K.KRANKENHAUS_ID
        JOIN "DSTEVIC"."PATIENTENRAUM" PR ON PATIENT.PATIENTENRAUM_ID = PR.PATIENTENRAUM_ID
        JOIN "DSTEVIC"."STATION" S ON PR.STATIONS_ID = S.STATIONS_ID
        
;

--------------------------------------------------------
--  Datei erstellt -Sonntag-Januar-21-2024   
--------------------------------------------------------

REM INSERTING into DSTEVIC.ARZT
SET DEFINE OFF;
Insert into DSTEVIC.ARZT (MITARBEITER_NR,KRANKENHAUS_ID,NAME,VORNAME,ARBEITSBEGINN,ARBEITSENDE,FACHRICHTUNG,POSITION) values ('31','2','Lehmann  ','Alice    ','10','17','Chirurgie       ','Chefarzt     ');
Insert into DSTEVIC.ARZT (MITARBEITER_NR,KRANKENHAUS_ID,NAME,VORNAME,ARBEITSBEGINN,ARBEITSENDE,FACHRICHTUNG,POSITION) values ('32','2','Lehmann  ','Julian   ','8 ','16','Orthop?die      ','Oberarzt     ');
Insert into DSTEVIC.ARZT (MITARBEITER_NR,KRANKENHAUS_ID,NAME,VORNAME,ARBEITSBEGINN,ARBEITSENDE,FACHRICHTUNG,POSITION) values ('33','3','Bock     ','Elias    ','10','19','Neurologie      ','Assistenzarzt');
Insert into DSTEVIC.ARZT (MITARBEITER_NR,KRANKENHAUS_ID,NAME,VORNAME,ARBEITSBEGINN,ARBEITSENDE,FACHRICHTUNG,POSITION) values ('35','3','Hoffmann ','Maria    ','7 ','18','Psychiatrie     ','Assistenzarzt');
Insert into DSTEVIC.ARZT (MITARBEITER_NR,KRANKENHAUS_ID,NAME,VORNAME,ARBEITSBEGINN,ARBEITSENDE,FACHRICHTUNG,POSITION) values ('36','3','Schmitt  ','Anastasia','9 ','16','Psychiatrie     ','Oberarzt     ');
Insert into DSTEVIC.ARZT (MITARBEITER_NR,KRANKENHAUS_ID,NAME,VORNAME,ARBEITSBEGINN,ARBEITSENDE,FACHRICHTUNG,POSITION) values ('37','2','Klein    ','Benjamin ','10','19','Allgemeinmedizin','Facharzt     ');
Insert into DSTEVIC.ARZT (MITARBEITER_NR,KRANKENHAUS_ID,NAME,VORNAME,ARBEITSBEGINN,ARBEITSENDE,FACHRICHTUNG,POSITION) values ('38','2','Lang     ','Adam     ','9 ','17','Allgemeinmedizin','Facharzt     ');
Insert into DSTEVIC.ARZT (MITARBEITER_NR,KRANKENHAUS_ID,NAME,VORNAME,ARBEITSBEGINN,ARBEITSENDE,FACHRICHTUNG,POSITION) values ('40','2','Geiger   ','Freya    ','10','18','Dermatologie    ','Facharzt     ');
Insert into DSTEVIC.ARZT (MITARBEITER_NR,KRANKENHAUS_ID,NAME,VORNAME,ARBEITSBEGINN,ARBEITSENDE,FACHRICHTUNG,POSITION) values ('41','1','Fischer  ','Emilia   ','9 ','17','Radiologie      ','Facharzt     ');
Insert into DSTEVIC.ARZT (MITARBEITER_NR,KRANKENHAUS_ID,NAME,VORNAME,ARBEITSBEGINN,ARBEITSENDE,FACHRICHTUNG,POSITION) values ('42','2','Graf     ','Eva      ','8 ','18','Orthop?die      ','Oberarzt     ');
Insert into DSTEVIC.ARZT (MITARBEITER_NR,KRANKENHAUS_ID,NAME,VORNAME,ARBEITSBEGINN,ARBEITSENDE,FACHRICHTUNG,POSITION) values ('43','2','Brandt   ','Caroline ','10','17','Chirurgie       ','Facharzt     ');
Insert into DSTEVIC.ARZT (MITARBEITER_NR,KRANKENHAUS_ID,NAME,VORNAME,ARBEITSBEGINN,ARBEITSENDE,FACHRICHTUNG,POSITION) values ('44','2','Bergmann ','Maria    ','10','19','Neurologie      ','Chefarzt     ');
Insert into DSTEVIC.ARZT (MITARBEITER_NR,KRANKENHAUS_ID,NAME,VORNAME,ARBEITSBEGINN,ARBEITSENDE,FACHRICHTUNG,POSITION) values ('45','3','Ritter   ','Lea      ','8 ','19','Dermatologie    ','Chefarzt     ');
Insert into DSTEVIC.ARZT (MITARBEITER_NR,KRANKENHAUS_ID,NAME,VORNAME,ARBEITSBEGINN,ARBEITSENDE,FACHRICHTUNG,POSITION) values ('46','2','Koch     ','Paul     ','7 ','16','Innere Medizin  ','Facharzt     ');
Insert into DSTEVIC.ARZT (MITARBEITER_NR,KRANKENHAUS_ID,NAME,VORNAME,ARBEITSBEGINN,ARBEITSENDE,FACHRICHTUNG,POSITION) values ('47','2','Ritter   ','Tom      ','7 ','18','Radiologie      ','Facharzt     ');
Insert into DSTEVIC.ARZT (MITARBEITER_NR,KRANKENHAUS_ID,NAME,VORNAME,ARBEITSBEGINN,ARBEITSENDE,FACHRICHTUNG,POSITION) values ('48','2','Bock     ','Johannes ','8 ','16','Psychiatrie     ','Facharzt     ');
Insert into DSTEVIC.ARZT (MITARBEITER_NR,KRANKENHAUS_ID,NAME,VORNAME,ARBEITSBEGINN,ARBEITSENDE,FACHRICHTUNG,POSITION) values ('49','3','Schubert ','Aurora   ','10','17','Psychiatrie     ','Chefarzt     ');
Insert into DSTEVIC.ARZT (MITARBEITER_NR,KRANKENHAUS_ID,NAME,VORNAME,ARBEITSBEGINN,ARBEITSENDE,FACHRICHTUNG,POSITION) values ('50','2','Schr?der ','Ava      ','8 ','17','Neurologie      ','Facharzt     ');
Insert into DSTEVIC.ARZT (MITARBEITER_NR,KRANKENHAUS_ID,NAME,VORNAME,ARBEITSBEGINN,ARBEITSENDE,FACHRICHTUNG,POSITION) values ('74','3','Konrad   ','R?diger  ','6 ','18','Neurologie      ','Assistenzarzt');
Insert into DSTEVIC.ARZT (MITARBEITER_NR,KRANKENHAUS_ID,NAME,VORNAME,ARBEITSBEGINN,ARBEITSENDE,FACHRICHTUNG,POSITION) values ('70','2','Mueller  ','Erwin    ','7 ','19','Chirurgie       ','Oberarzt     ');
Insert into DSTEVIC.ARZT (MITARBEITER_NR,KRANKENHAUS_ID,NAME,VORNAME,ARBEITSBEGINN,ARBEITSENDE,FACHRICHTUNG,POSITION) values ('73','2','Schwarz  ','Timo     ','8 ','16','Allgemeinmedizin','Assistenzarzt');
Insert into DSTEVIC.ARZT (MITARBEITER_NR,KRANKENHAUS_ID,NAME,VORNAME,ARBEITSBEGINN,ARBEITSENDE,FACHRICHTUNG,POSITION) values ('77','1','Meier    ','Maria    ','7 ','18','Chirurgie       ','Oberarzt     ');
Insert into DSTEVIC.ARZT (MITARBEITER_NR,KRANKENHAUS_ID,NAME,VORNAME,ARBEITSBEGINN,ARBEITSENDE,FACHRICHTUNG,POSITION) values ('81','1','Deeded   ','Maria    ','7 ','18','Chirurgie       ','Oberarzt     ');
Insert into DSTEVIC.ARZT (MITARBEITER_NR,KRANKENHAUS_ID,NAME,VORNAME,ARBEITSBEGINN,ARBEITSENDE,FACHRICHTUNG,POSITION) values ('82','1','Meier    ','Maria    ','7 ','18','Chirurgie       ','Oberarzt     ');
Insert into DSTEVIC.ARZT (MITARBEITER_NR,KRANKENHAUS_ID,NAME,VORNAME,ARBEITSBEGINN,ARBEITSENDE,FACHRICHTUNG,POSITION) values ('1','3','Bock      ','Matteo   ','16','9 ','Neurologie      ','Chefarzt     ');
Insert into DSTEVIC.ARZT (MITARBEITER_NR,KRANKENHAUS_ID,NAME,VORNAME,ARBEITSBEGINN,ARBEITSENDE,FACHRICHTUNG,POSITION) values ('2','3','Rudolph   ','Nicolas  ','19','8 ','Psychiatrie     ','Oberarzt     ');
Insert into DSTEVIC.ARZT (MITARBEITER_NR,KRANKENHAUS_ID,NAME,VORNAME,ARBEITSBEGINN,ARBEITSENDE,FACHRICHTUNG,POSITION) values ('3','1','Schwarz   ','Markus   ','19','7 ','P?diatrie       ','Chefarzt     ');
Insert into DSTEVIC.ARZT (MITARBEITER_NR,KRANKENHAUS_ID,NAME,VORNAME,ARBEITSBEGINN,ARBEITSENDE,FACHRICHTUNG,POSITION) values ('4','3','Winter    ','Valentin ','18','7 ','Dermatologie    ','Chefarzt     ');
Insert into DSTEVIC.ARZT (MITARBEITER_NR,KRANKENHAUS_ID,NAME,VORNAME,ARBEITSBEGINN,ARBEITSENDE,FACHRICHTUNG,POSITION) values ('5','2','Schuster  ','Adam     ','17','9 ','Orthop?die      ','Chefarzt     ');
Insert into DSTEVIC.ARZT (MITARBEITER_NR,KRANKENHAUS_ID,NAME,VORNAME,ARBEITSBEGINN,ARBEITSENDE,FACHRICHTUNG,POSITION) values ('6','3','Horn      ','Adam     ','18','9 ','Innere Medizin  ','Facharzt     ');
Insert into DSTEVIC.ARZT (MITARBEITER_NR,KRANKENHAUS_ID,NAME,VORNAME,ARBEITSBEGINN,ARBEITSENDE,FACHRICHTUNG,POSITION) values ('7','2','Frank     ','Dario    ','17','10','Neurologie      ','Facharzt     ');
Insert into DSTEVIC.ARZT (MITARBEITER_NR,KRANKENHAUS_ID,NAME,VORNAME,ARBEITSBEGINN,ARBEITSENDE,FACHRICHTUNG,POSITION) values ('8','2','Pfeiffer  ','Sebastian','16','7 ','Radiologie      ','Chefarzt     ');
Insert into DSTEVIC.ARZT (MITARBEITER_NR,KRANKENHAUS_ID,NAME,VORNAME,ARBEITSBEGINN,ARBEITSENDE,FACHRICHTUNG,POSITION) values ('9','2','Kunz      ','Leander  ','16','10','Innere Medizin  ','Oberarzt     ');
Insert into DSTEVIC.ARZT (MITARBEITER_NR,KRANKENHAUS_ID,NAME,VORNAME,ARBEITSBEGINN,ARBEITSENDE,FACHRICHTUNG,POSITION) values ('10','3','Schmidt  ','Niklas   ','16','8 ','Psychiatrie     ','Chefarzt     ');
Insert into DSTEVIC.ARZT (MITARBEITER_NR,KRANKENHAUS_ID,NAME,VORNAME,ARBEITSBEGINN,ARBEITSENDE,FACHRICHTUNG,POSITION) values ('11','3','M?ller   ','Jonathan ','18','8 ','P?diatrie       ','Facharzt     ');
Insert into DSTEVIC.ARZT (MITARBEITER_NR,KRANKENHAUS_ID,NAME,VORNAME,ARBEITSBEGINN,ARBEITSENDE,FACHRICHTUNG,POSITION) values ('12','2','Richter  ','Dario    ','18','8 ','Allgemeinmedizin','Oberarzt     ');
Insert into DSTEVIC.ARZT (MITARBEITER_NR,KRANKENHAUS_ID,NAME,VORNAME,ARBEITSBEGINN,ARBEITSENDE,FACHRICHTUNG,POSITION) values ('13','1','Otto     ','Alexander','18','7 ','Allgemeinmedizin','Assistenzarzt');
Insert into DSTEVIC.ARZT (MITARBEITER_NR,KRANKENHAUS_ID,NAME,VORNAME,ARBEITSBEGINN,ARBEITSENDE,FACHRICHTUNG,POSITION) values ('14','3','Kr?ger   ','Lena     ','17','8 ','Allgemeinmedizin','Facharzt     ');
Insert into DSTEVIC.ARZT (MITARBEITER_NR,KRANKENHAUS_ID,NAME,VORNAME,ARBEITSBEGINN,ARBEITSENDE,FACHRICHTUNG,POSITION) values ('15','3','Peters   ','Elena    ','16','7 ','Radiologie      ','Facharzt     ');
Insert into DSTEVIC.ARZT (MITARBEITER_NR,KRANKENHAUS_ID,NAME,VORNAME,ARBEITSBEGINN,ARBEITSENDE,FACHRICHTUNG,POSITION) values ('16','3','Scholz   ','Markus   ','18','9 ','Innere Medizin  ','Chefarzt     ');
Insert into DSTEVIC.ARZT (MITARBEITER_NR,KRANKENHAUS_ID,NAME,VORNAME,ARBEITSBEGINN,ARBEITSENDE,FACHRICHTUNG,POSITION) values ('17','1','Brandt   ','Alina    ','18','7 ','Psychiatrie     ','Chefarzt     ');
Insert into DSTEVIC.ARZT (MITARBEITER_NR,KRANKENHAUS_ID,NAME,VORNAME,ARBEITSBEGINN,ARBEITSENDE,FACHRICHTUNG,POSITION) values ('18','2','Bergmann ','Maria    ','18','9 ','Gyn?kologie     ','Facharzt     ');
Insert into DSTEVIC.ARZT (MITARBEITER_NR,KRANKENHAUS_ID,NAME,VORNAME,ARBEITSBEGINN,ARBEITSENDE,FACHRICHTUNG,POSITION) values ('19','1','Bauer    ','Ivana    ','19','9 ','Chirurgie       ','Facharzt     ');
Insert into DSTEVIC.ARZT (MITARBEITER_NR,KRANKENHAUS_ID,NAME,VORNAME,ARBEITSBEGINN,ARBEITSENDE,FACHRICHTUNG,POSITION) values ('20','3','Hahn     ','Lara     ','18','10','P?diatrie       ','Assistenzarzt');
Insert into DSTEVIC.ARZT (MITARBEITER_NR,KRANKENHAUS_ID,NAME,VORNAME,ARBEITSBEGINN,ARBEITSENDE,FACHRICHTUNG,POSITION) values ('21','3','Jung     ','Jonathan ','16','7 ','Innere Medizin  ','Chefarzt     ');
Insert into DSTEVIC.ARZT (MITARBEITER_NR,KRANKENHAUS_ID,NAME,VORNAME,ARBEITSBEGINN,ARBEITSENDE,FACHRICHTUNG,POSITION) values ('22','2','Engel    ','Julian   ','17','10','Innere Medizin  ','Chefarzt     ');
Insert into DSTEVIC.ARZT (MITARBEITER_NR,KRANKENHAUS_ID,NAME,VORNAME,ARBEITSBEGINN,ARBEITSENDE,FACHRICHTUNG,POSITION) values ('23','1','Keller   ','Louis    ','17','7 ','Radiologie      ','Facharzt     ');
Insert into DSTEVIC.ARZT (MITARBEITER_NR,KRANKENHAUS_ID,NAME,VORNAME,ARBEITSBEGINN,ARBEITSENDE,FACHRICHTUNG,POSITION) values ('24','2','Braun    ','Elisa    ','19','7 ','Radiologie      ','Facharzt     ');
Insert into DSTEVIC.ARZT (MITARBEITER_NR,KRANKENHAUS_ID,NAME,VORNAME,ARBEITSBEGINN,ARBEITSENDE,FACHRICHTUNG,POSITION) values ('25','3','Koch     ','Lorenzo  ','17','7 ','Gyn?kologie     ','Chefarzt     ');
REM INSERTING into DSTEVIC.ARZT_OPERATION
SET DEFINE OFF;
REM INSERTING into DSTEVIC.ARZT_THERAPIE
SET DEFINE OFF;
REM INSERTING into DSTEVIC.BENUTZER
SET DEFINE OFF;
Insert into DSTEVIC.BENUTZER (BENUTZERNAME,PASSWORT) values ('admin','admin');
Insert into DSTEVIC.BENUTZER (BENUTZERNAME,PASSWORT) values ('lukas','lukas');
REM INSERTING into DSTEVIC.DIAGNOSE
SET DEFINE OFF;
Insert into DSTEVIC.DIAGNOSE (DIAGNOSE_ID,MITARBEITER_NR,DIAGNOSE_DATUM,BESCHREIBUNG,STATUS,PATIENTEN_ID) values ('21','23',to_date('31.12.23','DD.MM.RR'),'
Nierensteine
Weiteres Vorgehen:
  - Computertomographie (CT): Um die genaue Lage und Gr??e der Nierensteine zu bestimmen.
Empfohlene Ma?nahmen:
  - Trinkwassertherapie: Erh?ht die Fl?ssigkeitszufuhr, um Nierensteine nat?rlicherweise auszusp?len.
  - Medikament?se Therapie: Je nach Art der Nierensteine k?nnen Medikamente verschrieben werden.
','0','19');
Insert into DSTEVIC.DIAGNOSE (DIAGNOSE_ID,MITARBEITER_NR,DIAGNOSE_DATUM,BESCHREIBUNG,STATUS,PATIENTEN_ID) values ('22','47',to_date('18.12.23','DD.MM.RR'),'
Gehirntumor
Weiteres Vorgehen:
  - Magnetresonanztomographie (MRT) des Gehirns: Zur genauen Lokalisierung und Charakterisierung von Gehirntumoren.
Empfohlene Ma?nahmen:
  - Chirurgische Resektion: Entfernung des Tumors, wenn m?glich.
  - Strahlentherapie oder Chemotherapie: Zur Behandlung von Tumoren, die nicht vollst?ndig entfernt werden k?nnen.
','0','25');
Insert into DSTEVIC.DIAGNOSE (DIAGNOSE_ID,MITARBEITER_NR,DIAGNOSE_DATUM,BESCHREIBUNG,STATUS,PATIENTEN_ID) values ('23','41',to_date('30.12.23','DD.MM.RR'),'
Nierensteine
Weiteres Vorgehen:
  - Computertomographie (CT): Um die genaue Lage und Gr??e der Nierensteine zu bestimmen.
Empfohlene Ma?nahmen:
  - Trinkwassertherapie: Erh?ht die Fl?ssigkeitszufuhr, um Nierensteine nat?rlicherweise auszusp?len.
  - Medikament?se Therapie: Je nach Art der Nierensteine k?nnen Medikamente verschrieben werden.
','0','24');
Insert into DSTEVIC.DIAGNOSE (DIAGNOSE_ID,MITARBEITER_NR,DIAGNOSE_DATUM,BESCHREIBUNG,STATUS,PATIENTEN_ID) values ('24','15',to_date('30.12.23','DD.MM.RR'),'
Gehirntumor
Weiteres Vorgehen:
  - Magnetresonanztomographie (MRT) des Gehirns: Zur genauen Lokalisierung und Charakterisierung von Gehirntumoren.
Empfohlene Ma?nahmen:
  - Chirurgische Resektion: Entfernung des Tumors, wenn m?glich.
  - Strahlentherapie oder Chemotherapie: Zur Behandlung von Tumoren, die nicht vollst?ndig entfernt werden k?nnen.
','0','51');
Insert into DSTEVIC.DIAGNOSE (DIAGNOSE_ID,MITARBEITER_NR,DIAGNOSE_DATUM,BESCHREIBUNG,STATUS,PATIENTEN_ID) values ('25','23',to_date('12.12.23','DD.MM.RR'),'
Knochenbruch
Weiteres Vorgehen:
  - R?ntgenaufnahme des betroffenen Bereichs: Zur genauen Lokalisierung und Beurteilung des Ausma?es des Knochenbruchs.
Empfohlene Ma?nahmen:
  - Gipsverband oder Schienen: Zur Immobilisierung und Unterst?tzung der Heilung.
  - Physiotherapie: Zur Wiederherstellung der Mobilit?t nach dem Gipsverband.
','0','21');
Insert into DSTEVIC.DIAGNOSE (DIAGNOSE_ID,MITARBEITER_NR,DIAGNOSE_DATUM,BESCHREIBUNG,STATUS,PATIENTEN_ID) values ('26','15',to_date('08.12.23','DD.MM.RR'),'
Gallensteine
Weiteres Vorgehen:
  - Ultraschalluntersuchung der Gallenblase: Zur Identifikation und Beurteilung von Gallensteinen.
Empfohlene Ma?nahmen:
  - Cholezystektomie: Entfernung der Gallenblase, insbesondere bei wiederkehrenden Gallenkoliken oder Komplikationen.
  - Ern?hrungsumstellung: Reduzierung von fetthaltigen Lebensmitteln zur Vorbeugung von Gallensteinen.
','0','13');
Insert into DSTEVIC.DIAGNOSE (DIAGNOSE_ID,MITARBEITER_NR,DIAGNOSE_DATUM,BESCHREIBUNG,STATUS,PATIENTEN_ID) values ('27','47',to_date('14.12.23','DD.MM.RR'),'
Gallensteine
Weiteres Vorgehen:
  - Ultraschalluntersuchung der Gallenblase: Zur Identifikation und Beurteilung von Gallensteinen.
Empfohlene Ma?nahmen:
  - Cholezystektomie: Entfernung der Gallenblase, insbesondere bei wiederkehrenden Gallenkoliken oder Komplikationen.
  - Ern?hrungsumstellung: Reduzierung von fetthaltigen Lebensmitteln zur Vorbeugung von Gallensteinen.
','0','20');
Insert into DSTEVIC.DIAGNOSE (DIAGNOSE_ID,MITARBEITER_NR,DIAGNOSE_DATUM,BESCHREIBUNG,STATUS,PATIENTEN_ID) values ('28','15',to_date('30.12.23','DD.MM.RR'),'
Nierensteine
Weiteres Vorgehen:
  - Computertomographie (CT): Um die genaue Lage und Gr??e der Nierensteine zu bestimmen.
Empfohlene Ma?nahmen:
  - Trinkwassertherapie: Erh?ht die Fl?ssigkeitszufuhr, um Nierensteine nat?rlicherweise auszusp?len.
  - Medikament?se Therapie: Je nach Art der Nierensteine k?nnen Medikamente verschrieben werden.
','0','23');
Insert into DSTEVIC.DIAGNOSE (DIAGNOSE_ID,MITARBEITER_NR,DIAGNOSE_DATUM,BESCHREIBUNG,STATUS,PATIENTEN_ID) values ('29','41',to_date('25.12.23','DD.MM.RR'),'
Knochenbruch
Weiteres Vorgehen:
  - R?ntgenaufnahme des betroffenen Bereichs: Zur genauen Lokalisierung und Beurteilung des Ausma?es des Knochenbruchs.
Empfohlene Ma?nahmen:
  - Gipsverband oder Schienen: Zur Immobilisierung und Unterst?tzung der Heilung.
  - Physiotherapie: Zur Wiederherstellung der Mobilit?t nach dem Gipsverband.
','0','18');
Insert into DSTEVIC.DIAGNOSE (DIAGNOSE_ID,MITARBEITER_NR,DIAGNOSE_DATUM,BESCHREIBUNG,STATUS,PATIENTEN_ID) values ('30','15',to_date('02.12.23','DD.MM.RR'),'
Knochenbruch
Weiteres Vorgehen:
  - R?ntgenaufnahme des betroffenen Bereichs: Zur genauen Lokalisierung und Beurteilung des Ausma?es des Knochenbruchs.
Empfohlene Ma?nahmen:
  - Gipsverband oder Schienen: Zur Immobilisierung und Unterst?tzung der Heilung.
  - Physiotherapie: Zur Wiederherstellung der Mobilit?t nach dem Gipsverband.
','0','22');
Insert into DSTEVIC.DIAGNOSE (DIAGNOSE_ID,MITARBEITER_NR,DIAGNOSE_DATUM,BESCHREIBUNG,STATUS,PATIENTEN_ID) values ('31','24',to_date('10.01.24','DD.MM.RR'),'
Lungenentz?ndung
Weiteres Vorgehen:
  - R?ntgenaufnahme der Lunge: Zur Identifizierung von Entz?ndungen und Fl?ssigkeitsansammlungen in den Lungen.
Empfohlene Ma?nahmen:
  - Antibiotikatherapie: Bei bakterieller Lungenentz?ndung ist eine antibiotische Behandlung erforderlich.
  - Bettruhe und Fl?ssigkeitszufuhr: Unterst?tzt die Genesung und lindert Symptome.
','0','75');
Insert into DSTEVIC.DIAGNOSE (DIAGNOSE_ID,MITARBEITER_NR,DIAGNOSE_DATUM,BESCHREIBUNG,STATUS,PATIENTEN_ID) values ('32','23',to_date('01.12.23','DD.MM.RR'),'
Gallensteine
Weiteres Vorgehen:
  - Ultraschalluntersuchung der Gallenblase: Zur Identifikation und Beurteilung von Gallensteinen.
Empfohlene Ma?nahmen:
  - Cholezystektomie: Entfernung der Gallenblase, insbesondere bei wiederkehrenden Gallenkoliken oder Komplikationen.
  - Ern?hrungsumstellung: Reduzierung von fetthaltigen Lebensmitteln zur Vorbeugung von Gallensteinen.
','0','22');
Insert into DSTEVIC.DIAGNOSE (DIAGNOSE_ID,MITARBEITER_NR,DIAGNOSE_DATUM,BESCHREIBUNG,STATUS,PATIENTEN_ID) values ('33','15',to_date('02.12.23','DD.MM.RR'),'
Gallensteine
Weiteres Vorgehen:
  - Ultraschalluntersuchung der Gallenblase: Zur Identifikation und Beurteilung von Gallensteinen.
Empfohlene Ma?nahmen:
  - Cholezystektomie: Entfernung der Gallenblase, insbesondere bei wiederkehrenden Gallenkoliken oder Komplikationen.
  - Ern?hrungsumstellung: Reduzierung von fetthaltigen Lebensmitteln zur Vorbeugung von Gallensteinen.
','0','86');
Insert into DSTEVIC.DIAGNOSE (DIAGNOSE_ID,MITARBEITER_NR,DIAGNOSE_DATUM,BESCHREIBUNG,STATUS,PATIENTEN_ID) values ('34','47',to_date('06.12.23','DD.MM.RR'),'
Gehirntumor
Weiteres Vorgehen:
  - Magnetresonanztomographie (MRT) des Gehirns: Zur genauen Lokalisierung und Charakterisierung von Gehirntumoren.
Empfohlene Ma?nahmen:
  - Chirurgische Resektion: Entfernung des Tumors, wenn m?glich.
  - Strahlentherapie oder Chemotherapie: Zur Behandlung von Tumoren, die nicht vollst?ndig entfernt werden k?nnen.
','0','1');
Insert into DSTEVIC.DIAGNOSE (DIAGNOSE_ID,MITARBEITER_NR,DIAGNOSE_DATUM,BESCHREIBUNG,STATUS,PATIENTEN_ID) values ('35','23',to_date('19.12.23','DD.MM.RR'),'
Nierensteine
Weiteres Vorgehen:
  - Computertomographie (CT): Um die genaue Lage und Gr??e der Nierensteine zu bestimmen.
Empfohlene Ma?nahmen:
  - Trinkwassertherapie: Erh?ht die Fl?ssigkeitszufuhr, um Nierensteine nat?rlicherweise auszusp?len.
  - Medikament?se Therapie: Je nach Art der Nierensteine k?nnen Medikamente verschrieben werden.
','0','85');
Insert into DSTEVIC.DIAGNOSE (DIAGNOSE_ID,MITARBEITER_NR,DIAGNOSE_DATUM,BESCHREIBUNG,STATUS,PATIENTEN_ID) values ('36','47',to_date('15.12.23','DD.MM.RR'),'
Knochenbruch
Weiteres Vorgehen:
  - R?ntgenaufnahme des betroffenen Bereichs: Zur genauen Lokalisierung und Beurteilung des Ausma?es des Knochenbruchs.
Empfohlene Ma?nahmen:
  - Gipsverband oder Schienen: Zur Immobilisierung und Unterst?tzung der Heilung.
  - Physiotherapie: Zur Wiederherstellung der Mobilit?t nach dem Gipsverband.
','0','93');
Insert into DSTEVIC.DIAGNOSE (DIAGNOSE_ID,MITARBEITER_NR,DIAGNOSE_DATUM,BESCHREIBUNG,STATUS,PATIENTEN_ID) values ('37','15',to_date('24.12.23','DD.MM.RR'),'
Gehirntumor
Weiteres Vorgehen:
  - Magnetresonanztomographie (MRT) des Gehirns: Zur genauen Lokalisierung und Charakterisierung von Gehirntumoren.
Empfohlene Ma?nahmen:
  - Chirurgische Resektion: Entfernung des Tumors, wenn m?glich.
  - Strahlentherapie oder Chemotherapie: Zur Behandlung von Tumoren, die nicht vollst?ndig entfernt werden k?nnen.
','0','65');
Insert into DSTEVIC.DIAGNOSE (DIAGNOSE_ID,MITARBEITER_NR,DIAGNOSE_DATUM,BESCHREIBUNG,STATUS,PATIENTEN_ID) values ('38','24',to_date('21.12.23','DD.MM.RR'),'
Nierensteine
Weiteres Vorgehen:
  - Computertomographie (CT): Um die genaue Lage und Gr??e der Nierensteine zu bestimmen.
Empfohlene Ma?nahmen:
  - Trinkwassertherapie: Erh?ht die Fl?ssigkeitszufuhr, um Nierensteine nat?rlicherweise auszusp?len.
  - Medikament?se Therapie: Je nach Art der Nierensteine k?nnen Medikamente verschrieben werden.
','0','73');
Insert into DSTEVIC.DIAGNOSE (DIAGNOSE_ID,MITARBEITER_NR,DIAGNOSE_DATUM,BESCHREIBUNG,STATUS,PATIENTEN_ID) values ('9','50',to_date('09.12.23','DD.MM.RR'),'
    Epilepsie
    Weiteres Vorgehen:
    - Antiepileptika: Antiepileptika sind Medikamente, die dazu dienen, epileptische Anf?lle zu kontrollieren. Die Auswahl des Medikaments h?ngt von der Art des Anfalls ab.
    - EEG-?berwachung: Elektroenzephalographie (EEG) wird verwendet, um die elektrische Aktivit?t des Gehirns zu ?berwachen und Anfallsaktivit?t zu identifizieren.
','1','90');
Insert into DSTEVIC.DIAGNOSE (DIAGNOSE_ID,MITARBEITER_NR,DIAGNOSE_DATUM,BESCHREIBUNG,STATUS,PATIENTEN_ID) values ('10','74',to_date('12.12.23','DD.MM.RR'),'
    Migr?ne
    Weiteres Vorgehen:
    - Triptane (Akuttherapie): Triptane sind spezielle Medikamente, die bei akuten Migr?neanf?llen eingesetzt werden, um Schmerzen, ?belkeit und Lichtempfindlichkeit zu reduzieren.
    - Vorbeugende Medikation: Vorbeugende Medikation wird f?r Patienten empfohlen, die regelm??ige Migr?neanf?lle haben. Es k?nnen Betablocker, Antiepileptika oder Antidepressiva eingesetzt werden. 
','1','66');
Insert into DSTEVIC.DIAGNOSE (DIAGNOSE_ID,MITARBEITER_NR,DIAGNOSE_DATUM,BESCHREIBUNG,STATUS,PATIENTEN_ID) values ('39','24',to_date('03.01.24','DD.MM.RR'),'
Nierensteine
Weiteres Vorgehen:
  - Computertomographie (CT): Um die genaue Lage und Gr??e der Nierensteine zu bestimmen.
Empfohlene Ma?nahmen:
  - Trinkwassertherapie: Erh?ht die Fl?ssigkeitszufuhr, um Nierensteine nat?rlicherweise auszusp?len.
  - Medikament?se Therapie: Je nach Art der Nierensteine k?nnen Medikamente verschrieben werden.
','0','83');
Insert into DSTEVIC.DIAGNOSE (DIAGNOSE_ID,MITARBEITER_NR,DIAGNOSE_DATUM,BESCHREIBUNG,STATUS,PATIENTEN_ID) values ('1','44',to_date('05.01.24','DD.MM.RR'),'
    Migr?ne
    Weiteres Vorgehen:
    - Triptane (Akuttherapie): Triptane sind spezielle Medikamente, die bei akuten Migr?neanf?llen eingesetzt werden, um Schmerzen, ?belkeit und Lichtempfindlichkeit zu reduzieren.
    - Vorbeugende Medikation: Vorbeugende Medikation wird f?r Patienten empfohlen, die regelm??ige Migr?neanf?lle haben. Es k?nnen Betablocker, Antiepileptika oder Antidepressiva eingesetzt werden.
','1','19');
Insert into DSTEVIC.DIAGNOSE (DIAGNOSE_ID,MITARBEITER_NR,DIAGNOSE_DATUM,BESCHREIBUNG,STATUS,PATIENTEN_ID) values ('2','1',to_date('15.12.23','DD.MM.RR'),'
    Epilepsie
    Weiteres Vorgehen:
    - Antiepileptika: Antiepileptika sind Medikamente, die dazu dienen, epileptische Anf?lle zu kontrollieren. Die Auswahl des Medikaments h?ngt von der Art des Anfalls ab.
    - EEG-?berwachung: Elektroenzephalographie (EEG) wird verwendet, um die elektrische Aktivit?t des Gehirns zu ?berwachen und Anfallsaktivit?t zu identifizieren.
','1','92');
Insert into DSTEVIC.DIAGNOSE (DIAGNOSE_ID,MITARBEITER_NR,DIAGNOSE_DATUM,BESCHREIBUNG,STATUS,PATIENTEN_ID) values ('3','74',to_date('26.12.23','DD.MM.RR'),'
    Parkinson-Krankheit
    Weiteres Vorgehen:
    - Levodopa-Therapie: Levodopa ist ein Vorl?ufer von Dopamin und wird verwendet, um die Symptome der Parkinson-Krankheit zu lindern.
    - Physiotherapie: Physiotherapie zielt darauf ab, die Mobilit?t zu verbessern, Muskelschw?che zu bek?mpfen und die Lebensqualit?t zu steigern.
','1','78');
Insert into DSTEVIC.DIAGNOSE (DIAGNOSE_ID,MITARBEITER_NR,DIAGNOSE_DATUM,BESCHREIBUNG,STATUS,PATIENTEN_ID) values ('4','33',to_date('23.12.23','DD.MM.RR'),'
    Schlaganfall
    Weiteres Vorgehen:
    - Thrombolyse: Die Thrombolyse ist eine dringende Ma?nahme bei isch?mischem Schlaganfall, bei der ein Medikament verwendet wird, um Blutgerinnsel aufzul?sen und den Blutfluss wiederherzustellen.
    - Rehabilitation: Die Rehabilitation ist entscheidend f?r die Wiederherstellung von F?higkeiten nach einem Schlaganfall. Physiotherapie, Ergotherapie und Sprachtherapie k?nnen eingeschlossen sein.
','1','65');
Insert into DSTEVIC.DIAGNOSE (DIAGNOSE_ID,MITARBEITER_NR,DIAGNOSE_DATUM,BESCHREIBUNG,STATUS,PATIENTEN_ID) values ('5','74',to_date('12.01.24','DD.MM.RR'),'
    Parkinson-Krankheit
    Weiteres Vorgehen:
    - Levodopa-Therapie: Levodopa ist ein Vorl?ufer von Dopamin und wird verwendet, um die Symptome der Parkinson-Krankheit zu lindern.
    - Physiotherapie: Physiotherapie zielt darauf ab, die Mobilit?t zu verbessern, Muskelschw?che zu bek?mpfen und die Lebensqualit?t zu steigern.
','1','79');
Insert into DSTEVIC.DIAGNOSE (DIAGNOSE_ID,MITARBEITER_NR,DIAGNOSE_DATUM,BESCHREIBUNG,STATUS,PATIENTEN_ID) values ('6','1',to_date('19.12.23','DD.MM.RR'),'
    Epilepsie
    Weiteres Vorgehen:
    - Antiepileptika: Antiepileptika sind Medikamente, die dazu dienen, epileptische Anf?lle zu kontrollieren. Die Auswahl des Medikaments h?ngt von der Art des Anfalls ab.
    - EEG-?berwachung: Elektroenzephalographie (EEG) wird verwendet, um die elektrische Aktivit?t des Gehirns zu ?berwachen und Anfallsaktivit?t zu identifizieren.
','1','61');
Insert into DSTEVIC.DIAGNOSE (DIAGNOSE_ID,MITARBEITER_NR,DIAGNOSE_DATUM,BESCHREIBUNG,STATUS,PATIENTEN_ID) values ('7','50',to_date('05.12.23','DD.MM.RR'),'
    Epilepsie
    Weiteres Vorgehen:
    - Antiepileptika: Antiepileptika sind Medikamente, die dazu dienen, epileptische Anf?lle zu kontrollieren. Die Auswahl des Medikaments h?ngt von der Art des Anfalls ab.
    - EEG-?berwachung: Elektroenzephalographie (EEG) wird verwendet, um die elektrische Aktivit?t des Gehirns zu ?berwachen und Anfallsaktivit?t zu identifizieren.
','1','69');
Insert into DSTEVIC.DIAGNOSE (DIAGNOSE_ID,MITARBEITER_NR,DIAGNOSE_DATUM,BESCHREIBUNG,STATUS,PATIENTEN_ID) values ('40','23',to_date('04.01.24','DD.MM.RR'),'
Nierensteine
Weiteres Vorgehen:
  - Computertomographie (CT): Um die genaue Lage und Gr??e der Nierensteine zu bestimmen.
Empfohlene Ma?nahmen:
  - Trinkwassertherapie: Erh?ht die Fl?ssigkeitszufuhr, um Nierensteine nat?rlicherweise auszusp?len.
  - Medikament?se Therapie: Je nach Art der Nierensteine k?nnen Medikamente verschrieben werden.
','0','64');
Insert into DSTEVIC.DIAGNOSE (DIAGNOSE_ID,MITARBEITER_NR,DIAGNOSE_DATUM,BESCHREIBUNG,STATUS,PATIENTEN_ID) values ('41','23',to_date('14.01.24','DD.MM.RR'),'Parkinson-Krankheit Weiteres Vorgehen: - Levodopa-Therapie: Levodopa ist ein Vorl?ufer von Dopamin und wird verwendet, um die Symptome der Parkinson-Krankheit zu lindern. - Physiotherapie: Physiotherapie zielt darauf ab, die Mobilit?t zu verbessern, Muskelschw?che zu bek?mpfen und die Lebensqualit?t zu steigern.','1','51');
REM INSERTING into DSTEVIC.KRANKENHAUS
SET DEFINE OFF;
Insert into DSTEVIC.KRANKENHAUS (KRANKENHAUS_ID,STADT,ADRESSE,NAME) values ('1','Minden          ','Klausditrichstra?e 5, 32429 Minden','Krankenhaus Minden    ');
Insert into DSTEVIC.KRANKENHAUS (KRANKENHAUS_ID,STADT,ADRESSE,NAME) values ('2','Porta Westfalica','Knotenstra?e 1,32457 Porta Westfalica ','Knoten-Krankenhaus');
Insert into DSTEVIC.KRANKENHAUS (KRANKENHAUS_ID,STADT,ADRESSE,NAME) values ('3','Rinteln         ','Virchowstra?e 4, 31737 Rinteln','Burghofklinik             ');
REM INSERTING into DSTEVIC.KRANKENPFLEGER
SET DEFINE OFF;
Insert into DSTEVIC.KRANKENPFLEGER (MITARBEITER_NR,KRANKENHAUS_ID,NAME,VORNAME,ARBEITSBEGINN,ARBEITSENDE,QUALIFIKATIONEN,BERECHTIGUNGEN) values ('1','2','Winkler  ','Selina  ','16','8 ','Teamf?higkeit und Zusammenarbeit mit dem medizinischen Personal','2');
Insert into DSTEVIC.KRANKENPFLEGER (MITARBEITER_NR,KRANKENHAUS_ID,NAME,VORNAME,ARBEITSBEGINN,ARBEITSENDE,QUALIFIKATIONEN,BERECHTIGUNGEN) values ('2','3','Hoffmann ','Emma    ','16','7 ','Interkulturelle Kompetenz im Umgang mit verschiedenen Patientengruppen','3');
Insert into DSTEVIC.KRANKENPFLEGER (MITARBEITER_NR,KRANKENHAUS_ID,NAME,VORNAME,ARBEITSBEGINN,ARBEITSENDE,QUALIFIKATIONEN,BERECHTIGUNGEN) values ('3','1','Lutz     ','Max     ','19','8 ','Kenntnisse in der Pflegedokumentation','3');
Insert into DSTEVIC.KRANKENPFLEGER (MITARBEITER_NR,KRANKENHAUS_ID,NAME,VORNAME,ARBEITSBEGINN,ARBEITSENDE,QUALIFIKATIONEN,BERECHTIGUNGEN) values ('82','2','Lamar   ','Kendrik ','10','13','Einhaltung von Hygiene- und Sicherheitsstandards','3');
Insert into DSTEVIC.KRANKENPFLEGER (MITARBEITER_NR,KRANKENHAUS_ID,NAME,VORNAME,ARBEITSBEGINN,ARBEITSENDE,QUALIFIKATIONEN,BERECHTIGUNGEN) values ('6','1','Lutz     ','Noah    ','16','10','Erfahrung in der Patientenversorgung und -?berwachung','3');
Insert into DSTEVIC.KRANKENPFLEGER (MITARBEITER_NR,KRANKENHAUS_ID,NAME,VORNAME,ARBEITSBEGINN,ARBEITSENDE,QUALIFIKATIONEN,BERECHTIGUNGEN) values ('7','3','Maier    ','Paul    ','18','8 ','F?higkeit zur Durchf?hrung von pflegerischen Ma?nahmen','3');
Insert into DSTEVIC.KRANKENPFLEGER (MITARBEITER_NR,KRANKENHAUS_ID,NAME,VORNAME,ARBEITSBEGINN,ARBEITSENDE,QUALIFIKATIONEN,BERECHTIGUNGEN) values ('8','3','K?nig    ','Lara    ','18','10','Kenntnisse in der Pflegedokumentation','1');
Insert into DSTEVIC.KRANKENPFLEGER (MITARBEITER_NR,KRANKENHAUS_ID,NAME,VORNAME,ARBEITSBEGINN,ARBEITSENDE,QUALIFIKATIONEN,BERECHTIGUNGEN) values ('9','3','Klein    ','Isabella','17','10','Verantwortungsbewusstsein und Empathie','3');
Insert into DSTEVIC.KRANKENPFLEGER (MITARBEITER_NR,KRANKENHAUS_ID,NAME,VORNAME,ARBEITSBEGINN,ARBEITSENDE,QUALIFIKATIONEN,BERECHTIGUNGEN) values ('81','2','Schaf   ','Kevin   ','8 ','16','F?higkeit zur Durchf?hrung von pflegerischen Ma?nahmen','1');
Insert into DSTEVIC.KRANKENPFLEGER (MITARBEITER_NR,KRANKENHAUS_ID,NAME,VORNAME,ARBEITSBEGINN,ARBEITSENDE,QUALIFIKATIONEN,BERECHTIGUNGEN) values ('10','1','Otto    ','Niklas  ','19','9 ','Teamf?higkeit und Zusammenarbeit mit dem medizinischen Personal','2');
Insert into DSTEVIC.KRANKENPFLEGER (MITARBEITER_NR,KRANKENHAUS_ID,NAME,VORNAME,ARBEITSBEGINN,ARBEITSENDE,QUALIFIKATIONEN,BERECHTIGUNGEN) values ('11','1','Frank   ','Leander ','18','7 ','Kenntnisse in der Pflegedokumentation','1');
Insert into DSTEVIC.KRANKENPFLEGER (MITARBEITER_NR,KRANKENHAUS_ID,NAME,VORNAME,ARBEITSBEGINN,ARBEITSENDE,QUALIFIKATIONEN,BERECHTIGUNGEN) values ('12','1','Haas    ','Vera    ','16','10','Abgeschlossene Ausbildung als Gesundheits- und Krankenpfleger','3');
Insert into DSTEVIC.KRANKENPFLEGER (MITARBEITER_NR,KRANKENHAUS_ID,NAME,VORNAME,ARBEITSBEGINN,ARBEITSENDE,QUALIFIKATIONEN,BERECHTIGUNGEN) values ('13','1','Lange   ','Simon   ','18','9 ','Kommunikationsf?higkeiten im Umgang mit Patienten und Angeh?rigen','2');
Insert into DSTEVIC.KRANKENPFLEGER (MITARBEITER_NR,KRANKENHAUS_ID,NAME,VORNAME,ARBEITSBEGINN,ARBEITSENDE,QUALIFIKATIONEN,BERECHTIGUNGEN) values ('15','3','Sander  ','Roman   ','19','9 ','Abgeschlossene Ausbildung als Gesundheits- und Krankenpfleger','2');
Insert into DSTEVIC.KRANKENPFLEGER (MITARBEITER_NR,KRANKENHAUS_ID,NAME,VORNAME,ARBEITSBEGINN,ARBEITSENDE,QUALIFIKATIONEN,BERECHTIGUNGEN) values ('16','2','Heinrich','Nina    ','16','8 ','Teamf?higkeit und Zusammenarbeit mit dem medizinischen Personal','2');
Insert into DSTEVIC.KRANKENPFLEGER (MITARBEITER_NR,KRANKENHAUS_ID,NAME,VORNAME,ARBEITSBEGINN,ARBEITSENDE,QUALIFIKATIONEN,BERECHTIGUNGEN) values ('17','2','Huber   ','Lea     ','19','7 ','Einhaltung von Hygiene- und Sicherheitsstandards','3');
Insert into DSTEVIC.KRANKENPFLEGER (MITARBEITER_NR,KRANKENHAUS_ID,NAME,VORNAME,ARBEITSBEGINN,ARBEITSENDE,QUALIFIKATIONEN,BERECHTIGUNGEN) values ('18','1','Sch?fer ','Laura   ','19','8 ','Einhaltung von Hygiene- und Sicherheitsstandards','1');
Insert into DSTEVIC.KRANKENPFLEGER (MITARBEITER_NR,KRANKENHAUS_ID,NAME,VORNAME,ARBEITSBEGINN,ARBEITSENDE,QUALIFIKATIONEN,BERECHTIGUNGEN) values ('21','3','Bock    ','Felix   ','19','10','Kenntnisse in der Anwendung medizinischer Ger?te','2');
Insert into DSTEVIC.KRANKENPFLEGER (MITARBEITER_NR,KRANKENHAUS_ID,NAME,VORNAME,ARBEITSBEGINN,ARBEITSENDE,QUALIFIKATIONEN,BERECHTIGUNGEN) values ('22','2','Richter ','Mia     ','19','8 ','F?higkeit zur Durchf?hrung von pflegerischen Ma?nahmen','3');
Insert into DSTEVIC.KRANKENPFLEGER (MITARBEITER_NR,KRANKENHAUS_ID,NAME,VORNAME,ARBEITSBEGINN,ARBEITSENDE,QUALIFIKATIONEN,BERECHTIGUNGEN) values ('23','2','Horn    ','Oliver  ','16','10','Abgeschlossene Ausbildung als Gesundheits- und Krankenpfleger','3');
Insert into DSTEVIC.KRANKENPFLEGER (MITARBEITER_NR,KRANKENHAUS_ID,NAME,VORNAME,ARBEITSBEGINN,ARBEITSENDE,QUALIFIKATIONEN,BERECHTIGUNGEN) values ('24','3','Schulze ','Lea     ','16','8 ','F?higkeit zur Durchf?hrung von pflegerischen Ma?nahmen','1');
Insert into DSTEVIC.KRANKENPFLEGER (MITARBEITER_NR,KRANKENHAUS_ID,NAME,VORNAME,ARBEITSBEGINN,ARBEITSENDE,QUALIFIKATIONEN,BERECHTIGUNGEN) values ('25','3','Schr?der','Louis   ','17','7 ','Einhaltung von Hygiene- und Sicherheitsstandards','3');
Insert into DSTEVIC.KRANKENPFLEGER (MITARBEITER_NR,KRANKENHAUS_ID,NAME,VORNAME,ARBEITSBEGINN,ARBEITSENDE,QUALIFIKATIONEN,BERECHTIGUNGEN) values ('19','1','Graf    ','Leander ','18','8 ','Kenntnisse in der Anwendung medizinischer Ger?te','1');
Insert into DSTEVIC.KRANKENPFLEGER (MITARBEITER_NR,KRANKENHAUS_ID,NAME,VORNAME,ARBEITSBEGINN,ARBEITSENDE,QUALIFIKATIONEN,BERECHTIGUNGEN) values ('20','1','K?hler  ','Andrea  ','18','7 ','F?higkeit zur Durchf?hrung von pflegerischen Ma?nahmen','2');
REM INSERTING into DSTEVIC.KRANKENPFLEGER_ARZT
SET DEFINE OFF;
REM INSERTING into DSTEVIC.KRANKENPFLEGER_THERAPIE
SET DEFINE OFF;
Insert into DSTEVIC.KRANKENPFLEGER_THERAPIE (BEHANDLUNGS_ID,MITARBEITER_NR) values ('42','10');
Insert into DSTEVIC.KRANKENPFLEGER_THERAPIE (BEHANDLUNGS_ID,MITARBEITER_NR) values ('43','11');
Insert into DSTEVIC.KRANKENPFLEGER_THERAPIE (BEHANDLUNGS_ID,MITARBEITER_NR) values ('44','6');
Insert into DSTEVIC.KRANKENPFLEGER_THERAPIE (BEHANDLUNGS_ID,MITARBEITER_NR) values ('61','6');
Insert into DSTEVIC.KRANKENPFLEGER_THERAPIE (BEHANDLUNGS_ID,MITARBEITER_NR) values ('62','6');
Insert into DSTEVIC.KRANKENPFLEGER_THERAPIE (BEHANDLUNGS_ID,MITARBEITER_NR) values ('62','10');
Insert into DSTEVIC.KRANKENPFLEGER_THERAPIE (BEHANDLUNGS_ID,MITARBEITER_NR) values ('62','12');
REM INSERTING into DSTEVIC.LAGERRAUM
SET DEFINE OFF;
Insert into DSTEVIC.LAGERRAUM (RAUM_NR,STATIONS_ID,LAGERKAPAZITAET,LAGERRAUM_ID) values ('7','2','45','1');
Insert into DSTEVIC.LAGERRAUM (RAUM_NR,STATIONS_ID,LAGERKAPAZITAET,LAGERRAUM_ID) values ('38','4','84','2');
Insert into DSTEVIC.LAGERRAUM (RAUM_NR,STATIONS_ID,LAGERKAPAZITAET,LAGERRAUM_ID) values ('67','16','438','3');
Insert into DSTEVIC.LAGERRAUM (RAUM_NR,STATIONS_ID,LAGERKAPAZITAET,LAGERRAUM_ID) values ('91','32','36','4');
Insert into DSTEVIC.LAGERRAUM (RAUM_NR,STATIONS_ID,LAGERKAPAZITAET,LAGERRAUM_ID) values ('7','4','64','5');
Insert into DSTEVIC.LAGERRAUM (RAUM_NR,STATIONS_ID,LAGERKAPAZITAET,LAGERRAUM_ID) values ('57','44','249','6');
Insert into DSTEVIC.LAGERRAUM (RAUM_NR,STATIONS_ID,LAGERKAPAZITAET,LAGERRAUM_ID) values ('16','22','333','7');
Insert into DSTEVIC.LAGERRAUM (RAUM_NR,STATIONS_ID,LAGERKAPAZITAET,LAGERRAUM_ID) values ('41','8','124','8');
Insert into DSTEVIC.LAGERRAUM (RAUM_NR,STATIONS_ID,LAGERKAPAZITAET,LAGERRAUM_ID) values ('52','1','419','9');
Insert into DSTEVIC.LAGERRAUM (RAUM_NR,STATIONS_ID,LAGERKAPAZITAET,LAGERRAUM_ID) values ('7','22','278','10');
Insert into DSTEVIC.LAGERRAUM (RAUM_NR,STATIONS_ID,LAGERKAPAZITAET,LAGERRAUM_ID) values ('28','54','221','11');
Insert into DSTEVIC.LAGERRAUM (RAUM_NR,STATIONS_ID,LAGERKAPAZITAET,LAGERRAUM_ID) values ('46','17','445','12');
Insert into DSTEVIC.LAGERRAUM (RAUM_NR,STATIONS_ID,LAGERKAPAZITAET,LAGERRAUM_ID) values ('94','19','406','16');
Insert into DSTEVIC.LAGERRAUM (RAUM_NR,STATIONS_ID,LAGERKAPAZITAET,LAGERRAUM_ID) values ('63','48','40','17');
Insert into DSTEVIC.LAGERRAUM (RAUM_NR,STATIONS_ID,LAGERKAPAZITAET,LAGERRAUM_ID) values ('83','11','75','18');
Insert into DSTEVIC.LAGERRAUM (RAUM_NR,STATIONS_ID,LAGERKAPAZITAET,LAGERRAUM_ID) values ('8','3','47','19');
Insert into DSTEVIC.LAGERRAUM (RAUM_NR,STATIONS_ID,LAGERKAPAZITAET,LAGERRAUM_ID) values ('11','16','125','13');
Insert into DSTEVIC.LAGERRAUM (RAUM_NR,STATIONS_ID,LAGERKAPAZITAET,LAGERRAUM_ID) values ('70','37','182','14');
Insert into DSTEVIC.LAGERRAUM (RAUM_NR,STATIONS_ID,LAGERKAPAZITAET,LAGERRAUM_ID) values ('8','17','317','15');
Insert into DSTEVIC.LAGERRAUM (RAUM_NR,STATIONS_ID,LAGERKAPAZITAET,LAGERRAUM_ID) values ('6','38','364','20');
Insert into DSTEVIC.LAGERRAUM (RAUM_NR,STATIONS_ID,LAGERKAPAZITAET,LAGERRAUM_ID) values ('88','19','45','21');
Insert into DSTEVIC.LAGERRAUM (RAUM_NR,STATIONS_ID,LAGERKAPAZITAET,LAGERRAUM_ID) values ('87','6','182','22');
Insert into DSTEVIC.LAGERRAUM (RAUM_NR,STATIONS_ID,LAGERKAPAZITAET,LAGERRAUM_ID) values ('47','31','406','23');
Insert into DSTEVIC.LAGERRAUM (RAUM_NR,STATIONS_ID,LAGERKAPAZITAET,LAGERRAUM_ID) values ('66','50','88','24');
Insert into DSTEVIC.LAGERRAUM (RAUM_NR,STATIONS_ID,LAGERKAPAZITAET,LAGERRAUM_ID) values ('69','19','191','25');
Insert into DSTEVIC.LAGERRAUM (RAUM_NR,STATIONS_ID,LAGERKAPAZITAET,LAGERRAUM_ID) values ('42','21','255','26');
Insert into DSTEVIC.LAGERRAUM (RAUM_NR,STATIONS_ID,LAGERKAPAZITAET,LAGERRAUM_ID) values ('75','16','307','27');
Insert into DSTEVIC.LAGERRAUM (RAUM_NR,STATIONS_ID,LAGERKAPAZITAET,LAGERRAUM_ID) values ('51','4','349','28');
Insert into DSTEVIC.LAGERRAUM (RAUM_NR,STATIONS_ID,LAGERKAPAZITAET,LAGERRAUM_ID) values ('69','28','145','29');
Insert into DSTEVIC.LAGERRAUM (RAUM_NR,STATIONS_ID,LAGERKAPAZITAET,LAGERRAUM_ID) values ('62','42','272','30');
Insert into DSTEVIC.LAGERRAUM (RAUM_NR,STATIONS_ID,LAGERKAPAZITAET,LAGERRAUM_ID) values ('91','25','59','31');
Insert into DSTEVIC.LAGERRAUM (RAUM_NR,STATIONS_ID,LAGERKAPAZITAET,LAGERRAUM_ID) values ('16','26','38','32');
Insert into DSTEVIC.LAGERRAUM (RAUM_NR,STATIONS_ID,LAGERKAPAZITAET,LAGERRAUM_ID) values ('23','52','364','33');
Insert into DSTEVIC.LAGERRAUM (RAUM_NR,STATIONS_ID,LAGERKAPAZITAET,LAGERRAUM_ID) values ('7','53','171','34');
Insert into DSTEVIC.LAGERRAUM (RAUM_NR,STATIONS_ID,LAGERKAPAZITAET,LAGERRAUM_ID) values ('90','34','306','35');
Insert into DSTEVIC.LAGERRAUM (RAUM_NR,STATIONS_ID,LAGERKAPAZITAET,LAGERRAUM_ID) values ('48','22','195','36');
Insert into DSTEVIC.LAGERRAUM (RAUM_NR,STATIONS_ID,LAGERKAPAZITAET,LAGERRAUM_ID) values ('9','35','122','37');
Insert into DSTEVIC.LAGERRAUM (RAUM_NR,STATIONS_ID,LAGERKAPAZITAET,LAGERRAUM_ID) values ('83','8','92','38');
Insert into DSTEVIC.LAGERRAUM (RAUM_NR,STATIONS_ID,LAGERKAPAZITAET,LAGERRAUM_ID) values ('76','53','400','39');
Insert into DSTEVIC.LAGERRAUM (RAUM_NR,STATIONS_ID,LAGERKAPAZITAET,LAGERRAUM_ID) values ('74','9','281','40');
Insert into DSTEVIC.LAGERRAUM (RAUM_NR,STATIONS_ID,LAGERKAPAZITAET,LAGERRAUM_ID) values ('38','17','421','41');
Insert into DSTEVIC.LAGERRAUM (RAUM_NR,STATIONS_ID,LAGERKAPAZITAET,LAGERRAUM_ID) values ('90','29','296','42');
Insert into DSTEVIC.LAGERRAUM (RAUM_NR,STATIONS_ID,LAGERKAPAZITAET,LAGERRAUM_ID) values ('37','41','340','43');
Insert into DSTEVIC.LAGERRAUM (RAUM_NR,STATIONS_ID,LAGERKAPAZITAET,LAGERRAUM_ID) values ('25','43','208','44');
Insert into DSTEVIC.LAGERRAUM (RAUM_NR,STATIONS_ID,LAGERKAPAZITAET,LAGERRAUM_ID) values ('77','44','50','45');
Insert into DSTEVIC.LAGERRAUM (RAUM_NR,STATIONS_ID,LAGERKAPAZITAET,LAGERRAUM_ID) values ('39','25','170','46');
Insert into DSTEVIC.LAGERRAUM (RAUM_NR,STATIONS_ID,LAGERKAPAZITAET,LAGERRAUM_ID) values ('71','7','70','47');
Insert into DSTEVIC.LAGERRAUM (RAUM_NR,STATIONS_ID,LAGERKAPAZITAET,LAGERRAUM_ID) values ('64','54','37','48');
Insert into DSTEVIC.LAGERRAUM (RAUM_NR,STATIONS_ID,LAGERKAPAZITAET,LAGERRAUM_ID) values ('41','20','291','49');
Insert into DSTEVIC.LAGERRAUM (RAUM_NR,STATIONS_ID,LAGERKAPAZITAET,LAGERRAUM_ID) values ('64','25','365','50');
Insert into DSTEVIC.LAGERRAUM (RAUM_NR,STATIONS_ID,LAGERKAPAZITAET,LAGERRAUM_ID) values ('16','40','495','51');
REM INSERTING into DSTEVIC.MEDIKAMENT
SET DEFINE OFF;
Insert into DSTEVIC.MEDIKAMENT (LAGERRAUM_ID,NAME,NEBENWIRKUNGEN,BESTELLSTATUS,MEDIKAMENTEN_NR,PATIENTEN_ID,INFO) values ('30','Oxycodon      ','Atemdepression, ?belkeit, Verwirrung, M?digkeit','0','23',null,'Chronische Schmerzzust?nde');
Insert into DSTEVIC.MEDIKAMENT (LAGERRAUM_ID,NAME,NEBENWIRKUNGEN,BESTELLSTATUS,MEDIKAMENTEN_NR,PATIENTEN_ID,INFO) values ('40','Oxycodon      ','Atemdepression, ?belkeit, Verwirrung, M?digkeit','0','24',null,'Chronische Schmerzzust?nde');
Insert into DSTEVIC.MEDIKAMENT (LAGERRAUM_ID,NAME,NEBENWIRKUNGEN,BESTELLSTATUS,MEDIKAMENTEN_NR,PATIENTEN_ID,INFO) values ('50','Oxycodon      ','Atemdepression, ?belkeit, Verwirrung, M?digkeit','0','25',null,'Chronische Schmerzzust?nde');
Insert into DSTEVIC.MEDIKAMENT (LAGERRAUM_ID,NAME,NEBENWIRKUNGEN,BESTELLSTATUS,MEDIKAMENTEN_NR,PATIENTEN_ID,INFO) values ('5','Diacetylmorphin','Atemdepression, Abh?ngigkeit, ?berdosierung','0','26',null,'Schmerzlindernd');
Insert into DSTEVIC.MEDIKAMENT (LAGERRAUM_ID,NAME,NEBENWIRKUNGEN,BESTELLSTATUS,MEDIKAMENTEN_NR,PATIENTEN_ID,INFO) values ('4','Diacetylmorphin','Atemdepression, Abh?ngigkeit, ?berdosierung','1','27',null,'Schmerzlindernd');
Insert into DSTEVIC.MEDIKAMENT (LAGERRAUM_ID,NAME,NEBENWIRKUNGEN,BESTELLSTATUS,MEDIKAMENTEN_NR,PATIENTEN_ID,INFO) values ('19','Methamphetamin','Halluzinationen, Abh?ngigkeit, Herz-Kreislauf-Probleme','1','28',null,'Stimulierend');
Insert into DSTEVIC.MEDIKAMENT (LAGERRAUM_ID,NAME,NEBENWIRKUNGEN,BESTELLSTATUS,MEDIKAMENTEN_NR,PATIENTEN_ID,INFO) values ('49','Methamphetamin','Halluzinationen, Abh?ngigkeit, Herz-Kreislauf-Probleme','0','29',null,'Stimulierend');
Insert into DSTEVIC.MEDIKAMENT (LAGERRAUM_ID,NAME,NEBENWIRKUNGEN,BESTELLSTATUS,MEDIKAMENTEN_NR,PATIENTEN_ID,INFO) values ('7','Methamphetamin ','Halluzinationen, Abh?ngigkeit, Herz-Kreislauf-Probleme','0','30',null,'Stimulierend');
Insert into DSTEVIC.MEDIKAMENT (LAGERRAUM_ID,NAME,NEBENWIRKUNGEN,BESTELLSTATUS,MEDIKAMENTEN_NR,PATIENTEN_ID,INFO) values ('1','Paracetamol    ','Urtikaria, Angio?deme','0','1',null,'Schmerzlindernd');
Insert into DSTEVIC.MEDIKAMENT (LAGERRAUM_ID,NAME,NEBENWIRKUNGEN,BESTELLSTATUS,MEDIKAMENTEN_NR,PATIENTEN_ID,INFO) values ('1','Paracetamol    ','Urtikaria, Angio?deme','0','2','4','Schmerzlindernd');
Insert into DSTEVIC.MEDIKAMENT (LAGERRAUM_ID,NAME,NEBENWIRKUNGEN,BESTELLSTATUS,MEDIKAMENTEN_NR,PATIENTEN_ID,INFO) values ('1','Paracetamol    ','Urtikaria, Angio?deme','1','3',null,'Schmerzlindernd');
Insert into DSTEVIC.MEDIKAMENT (LAGERRAUM_ID,NAME,NEBENWIRKUNGEN,BESTELLSTATUS,MEDIKAMENTEN_NR,PATIENTEN_ID,INFO) values ('4','Ibuprofen      ','Atembeschwerden, Hautausschlag, Anaphylaxie','1','4',null,'Entz?ndungshemmend, Schmerzlindernd');
Insert into DSTEVIC.MEDIKAMENT (LAGERRAUM_ID,NAME,NEBENWIRKUNGEN,BESTELLSTATUS,MEDIKAMENTEN_NR,PATIENTEN_ID,INFO) values ('6','Ibuprofen      ','Atembeschwerden, Hautausschlag, Anaphylaxie','1','5',null,'Entz?ndungshemmend, Schmerzlindernd');
Insert into DSTEVIC.MEDIKAMENT (LAGERRAUM_ID,NAME,NEBENWIRKUNGEN,BESTELLSTATUS,MEDIKAMENTEN_NR,PATIENTEN_ID,INFO) values ('9','Ibuprofen      ','Atembeschwerden, Hautausschlag, Anaphylaxie','0','6','12','Entz?ndungshemmend, Schmerzlindernd');
Insert into DSTEVIC.MEDIKAMENT (LAGERRAUM_ID,NAME,NEBENWIRKUNGEN,BESTELLSTATUS,MEDIKAMENTEN_NR,PATIENTEN_ID,INFO) values ('24','Penicillin    ','Hautausschlag, ?belkeit, Durchfall','0','7',null,'Bakterielle Infektionen');
Insert into DSTEVIC.MEDIKAMENT (LAGERRAUM_ID,NAME,NEBENWIRKUNGEN,BESTELLSTATUS,MEDIKAMENTEN_NR,PATIENTEN_ID,INFO) values ('33','Penicillin    ','Hautausschlag, ?belkeit, Durchfall','1','8',null,'Bakterielle Infektionen');
Insert into DSTEVIC.MEDIKAMENT (LAGERRAUM_ID,NAME,NEBENWIRKUNGEN,BESTELLSTATUS,MEDIKAMENTEN_NR,PATIENTEN_ID,INFO) values ('21','Penicillin    ','Hautausschlag, ?belkeit, Durchfall','1','9',null,'Bakterielle Infektionen');
Insert into DSTEVIC.MEDIKAMENT (LAGERRAUM_ID,NAME,NEBENWIRKUNGEN,BESTELLSTATUS,MEDIKAMENTEN_NR,PATIENTEN_ID,INFO) values ('15','Penicillin    ','Hautausschlag, ?belkeit, Durchfall','0','10',null,'Bakterielle Infektionen');
Insert into DSTEVIC.MEDIKAMENT (LAGERRAUM_ID,NAME,NEBENWIRKUNGEN,BESTELLSTATUS,MEDIKAMENTEN_NR,PATIENTEN_ID,INFO) values ('18','Insulin       ','Lipodystrohpie','0','11',null,'Diabetes');
Insert into DSTEVIC.MEDIKAMENT (LAGERRAUM_ID,NAME,NEBENWIRKUNGEN,BESTELLSTATUS,MEDIKAMENTEN_NR,PATIENTEN_ID,INFO) values ('41','Insulin       ','Lipodystrohpie','0','12',null,'Diabetes');
Insert into DSTEVIC.MEDIKAMENT (LAGERRAUM_ID,NAME,NEBENWIRKUNGEN,BESTELLSTATUS,MEDIKAMENTEN_NR,PATIENTEN_ID,INFO) values ('5','Insulin        ','Lipodystrohpie','1','13',null,'Diabetes');
Insert into DSTEVIC.MEDIKAMENT (LAGERRAUM_ID,NAME,NEBENWIRKUNGEN,BESTELLSTATUS,MEDIKAMENTEN_NR,PATIENTEN_ID,INFO) values ('8','Insulin        ','Lipodystrohpie','0','14',null,'Diabetes');
Insert into DSTEVIC.MEDIKAMENT (LAGERRAUM_ID,NAME,NEBENWIRKUNGEN,BESTELLSTATUS,MEDIKAMENTEN_NR,PATIENTEN_ID,INFO) values ('51','Morphin       ','Herzkreislaufeffekte, Benommenheit','0','15',null,'Starke Schmerzen');
Insert into DSTEVIC.MEDIKAMENT (LAGERRAUM_ID,NAME,NEBENWIRKUNGEN,BESTELLSTATUS,MEDIKAMENTEN_NR,PATIENTEN_ID,INFO) values ('6','Morphin        ','Herzkreislaufeffekte, Benommenheit','0','16',null,'Starke Schmerzen');
Insert into DSTEVIC.MEDIKAMENT (LAGERRAUM_ID,NAME,NEBENWIRKUNGEN,BESTELLSTATUS,MEDIKAMENTEN_NR,PATIENTEN_ID,INFO) values ('3','Morphin        ','Herzkreislaufeffekte, Benommenheit','1','17',null,'Starke Schmerzen');
Insert into DSTEVIC.MEDIKAMENT (LAGERRAUM_ID,NAME,NEBENWIRKUNGEN,BESTELLSTATUS,MEDIKAMENTEN_NR,PATIENTEN_ID,INFO) values ('23','Fentanyl      ','Atemdepression, ?belkeit, Verwirrung','0','18',null,'Schmerzlinderung, An?sthesie');
Insert into DSTEVIC.MEDIKAMENT (LAGERRAUM_ID,NAME,NEBENWIRKUNGEN,BESTELLSTATUS,MEDIKAMENTEN_NR,PATIENTEN_ID,INFO) values ('45','Fentanyl      ','Atemdepression, ?belkeit, Verwirrung','0','19',null,'Schmerzlinderung, An?sthesie');
Insert into DSTEVIC.MEDIKAMENT (LAGERRAUM_ID,NAME,NEBENWIRKUNGEN,BESTELLSTATUS,MEDIKAMENTEN_NR,PATIENTEN_ID,INFO) values ('12','Fentanyl      ','Atemdepression, ?belkeit, Verwirrung','0','20',null,'Schmerzlinderung, An?sthesie');
Insert into DSTEVIC.MEDIKAMENT (LAGERRAUM_ID,NAME,NEBENWIRKUNGEN,BESTELLSTATUS,MEDIKAMENTEN_NR,PATIENTEN_ID,INFO) values ('40','Fentanyl      ','Atemdepression, ?belkeit, Verwirrung','1','21',null,'Schmerzlinderung, An?sthesie');
Insert into DSTEVIC.MEDIKAMENT (LAGERRAUM_ID,NAME,NEBENWIRKUNGEN,BESTELLSTATUS,MEDIKAMENTEN_NR,PATIENTEN_ID,INFO) values ('19','Oxycodon      ','Atemdepression, ?belkeit, Verwirrung, M?digkeit','1','22',null,'Chronische Schmerzzust?nde');
REM INSERTING into DSTEVIC.OPERATION
SET DEFINE OFF;
Insert into DSTEVIC.OPERATION (BEHANDLUNGS_ID,OPERATIONSSAAL_ID,BEZEICHNUNG,INFO,ENDZEIT,FACHRICHTUNG,STARTZEIT) values ('21','1','Blinddarm            ','Entfernung des Blinddarms',to_date('13.01.24','DD.MM.RR'),'Neurologie',to_date('13.01.24','DD.MM.RR'));
Insert into DSTEVIC.OPERATION (BEHANDLUNGS_ID,OPERATIONSSAAL_ID,BEZEICHNUNG,INFO,ENDZEIT,FACHRICHTUNG,STARTZEIT) values ('22','1','Nierenstein entfernen','Entfernung des Nierensteins',to_date('15.01.24','DD.MM.RR'),'Chirurgie',to_date('14.01.24','DD.MM.RR'));
Insert into DSTEVIC.OPERATION (BEHANDLUNGS_ID,OPERATIONSSAAL_ID,BEZEICHNUNG,INFO,ENDZEIT,FACHRICHTUNG,STARTZEIT) values ('41','20','test                ','test',to_date('15.01.24','DD.MM.RR'),'Chirurgie',to_date('15.01.24','DD.MM.RR'));
REM INSERTING into DSTEVIC.OPERATION_DIAGNOSE
SET DEFINE OFF;
REM INSERTING into DSTEVIC.OPERATIONSSAAL
SET DEFINE OFF;
Insert into DSTEVIC.OPERATIONSSAAL (RAUM_NR,STATIONS_ID,PERSONENKAPAZITAET,OPERATIONSSAAL_ID,OEFFNUNGSZEIT,SCHLIESSUNGSZEIT) values ('9','12','9','21','5,3','19,3');
Insert into DSTEVIC.OPERATIONSSAAL (RAUM_NR,STATIONS_ID,PERSONENKAPAZITAET,OPERATIONSSAAL_ID,OEFFNUNGSZEIT,SCHLIESSUNGSZEIT) values ('12','21','3','22','4,3','18');
Insert into DSTEVIC.OPERATIONSSAAL (RAUM_NR,STATIONS_ID,PERSONENKAPAZITAET,OPERATIONSSAAL_ID,OEFFNUNGSZEIT,SCHLIESSUNGSZEIT) values ('11','2','5','1',null,null);
Insert into DSTEVIC.OPERATIONSSAAL (RAUM_NR,STATIONS_ID,PERSONENKAPAZITAET,OPERATIONSSAAL_ID,OEFFNUNGSZEIT,SCHLIESSUNGSZEIT) values ('1','3','4','2','6','18');
Insert into DSTEVIC.OPERATIONSSAAL (RAUM_NR,STATIONS_ID,PERSONENKAPAZITAET,OPERATIONSSAAL_ID,OEFFNUNGSZEIT,SCHLIESSUNGSZEIT) values ('7','1','8','3','7','19');
Insert into DSTEVIC.OPERATIONSSAAL (RAUM_NR,STATIONS_ID,PERSONENKAPAZITAET,OPERATIONSSAAL_ID,OEFFNUNGSZEIT,SCHLIESSUNGSZEIT) values ('2','2','6','4','7','16,3');
Insert into DSTEVIC.OPERATIONSSAAL (RAUM_NR,STATIONS_ID,PERSONENKAPAZITAET,OPERATIONSSAAL_ID,OEFFNUNGSZEIT,SCHLIESSUNGSZEIT) values ('37','56','8','5','7,4','17,5');
Insert into DSTEVIC.OPERATIONSSAAL (RAUM_NR,STATIONS_ID,PERSONENKAPAZITAET,OPERATIONSSAAL_ID,OEFFNUNGSZEIT,SCHLIESSUNGSZEIT) values ('16','17','6','6','6,5','18,5');
Insert into DSTEVIC.OPERATIONSSAAL (RAUM_NR,STATIONS_ID,PERSONENKAPAZITAET,OPERATIONSSAAL_ID,OEFFNUNGSZEIT,SCHLIESSUNGSZEIT) values ('78','13','1','7','8,1','18,2');
Insert into DSTEVIC.OPERATIONSSAAL (RAUM_NR,STATIONS_ID,PERSONENKAPAZITAET,OPERATIONSSAAL_ID,OEFFNUNGSZEIT,SCHLIESSUNGSZEIT) values ('70','9','7','8','7,4','19,2');
Insert into DSTEVIC.OPERATIONSSAAL (RAUM_NR,STATIONS_ID,PERSONENKAPAZITAET,OPERATIONSSAAL_ID,OEFFNUNGSZEIT,SCHLIESSUNGSZEIT) values ('84','1','8','9',null,null);
Insert into DSTEVIC.OPERATIONSSAAL (RAUM_NR,STATIONS_ID,PERSONENKAPAZITAET,OPERATIONSSAAL_ID,OEFFNUNGSZEIT,SCHLIESSUNGSZEIT) values ('7','10','4','10','5,1','18,59');
Insert into DSTEVIC.OPERATIONSSAAL (RAUM_NR,STATIONS_ID,PERSONENKAPAZITAET,OPERATIONSSAAL_ID,OEFFNUNGSZEIT,SCHLIESSUNGSZEIT) values ('28','20','3','11','7,3','16,4');
Insert into DSTEVIC.OPERATIONSSAAL (RAUM_NR,STATIONS_ID,PERSONENKAPAZITAET,OPERATIONSSAAL_ID,OEFFNUNGSZEIT,SCHLIESSUNGSZEIT) values ('25','47','2','12','7','17');
Insert into DSTEVIC.OPERATIONSSAAL (RAUM_NR,STATIONS_ID,PERSONENKAPAZITAET,OPERATIONSSAAL_ID,OEFFNUNGSZEIT,SCHLIESSUNGSZEIT) values ('38','27','5','13','6','16');
Insert into DSTEVIC.OPERATIONSSAAL (RAUM_NR,STATIONS_ID,PERSONENKAPAZITAET,OPERATIONSSAAL_ID,OEFFNUNGSZEIT,SCHLIESSUNGSZEIT) values ('72','1','5','14','5,3','19,3');
Insert into DSTEVIC.OPERATIONSSAAL (RAUM_NR,STATIONS_ID,PERSONENKAPAZITAET,OPERATIONSSAAL_ID,OEFFNUNGSZEIT,SCHLIESSUNGSZEIT) values ('43','53','6','15',null,null);
Insert into DSTEVIC.OPERATIONSSAAL (RAUM_NR,STATIONS_ID,PERSONENKAPAZITAET,OPERATIONSSAAL_ID,OEFFNUNGSZEIT,SCHLIESSUNGSZEIT) values ('69','50','5','16','6,2','16');
Insert into DSTEVIC.OPERATIONSSAAL (RAUM_NR,STATIONS_ID,PERSONENKAPAZITAET,OPERATIONSSAAL_ID,OEFFNUNGSZEIT,SCHLIESSUNGSZEIT) values ('39','10','7','17','4,2','17,4');
Insert into DSTEVIC.OPERATIONSSAAL (RAUM_NR,STATIONS_ID,PERSONENKAPAZITAET,OPERATIONSSAAL_ID,OEFFNUNGSZEIT,SCHLIESSUNGSZEIT) values ('20','42','6','18','4,4','17,2');
Insert into DSTEVIC.OPERATIONSSAAL (RAUM_NR,STATIONS_ID,PERSONENKAPAZITAET,OPERATIONSSAAL_ID,OEFFNUNGSZEIT,SCHLIESSUNGSZEIT) values ('91','14','9','19','7,3','16,59');
Insert into DSTEVIC.OPERATIONSSAAL (RAUM_NR,STATIONS_ID,PERSONENKAPAZITAET,OPERATIONSSAAL_ID,OEFFNUNGSZEIT,SCHLIESSUNGSZEIT) values ('75','49','7','20','4,59','20');
Insert into DSTEVIC.OPERATIONSSAAL (RAUM_NR,STATIONS_ID,PERSONENKAPAZITAET,OPERATIONSSAAL_ID,OEFFNUNGSZEIT,SCHLIESSUNGSZEIT) values ('44','27','8','41','6,4','17,2');
Insert into DSTEVIC.OPERATIONSSAAL (RAUM_NR,STATIONS_ID,PERSONENKAPAZITAET,OPERATIONSSAAL_ID,OEFFNUNGSZEIT,SCHLIESSUNGSZEIT) values ('13','24','7','42','7,1','18,1');
Insert into DSTEVIC.OPERATIONSSAAL (RAUM_NR,STATIONS_ID,PERSONENKAPAZITAET,OPERATIONSSAAL_ID,OEFFNUNGSZEIT,SCHLIESSUNGSZEIT) values ('60','1','5','43',null,null);
Insert into DSTEVIC.OPERATIONSSAAL (RAUM_NR,STATIONS_ID,PERSONENKAPAZITAET,OPERATIONSSAAL_ID,OEFFNUNGSZEIT,SCHLIESSUNGSZEIT) values ('40','7','6','44','4,2','18');
Insert into DSTEVIC.OPERATIONSSAAL (RAUM_NR,STATIONS_ID,PERSONENKAPAZITAET,OPERATIONSSAAL_ID,OEFFNUNGSZEIT,SCHLIESSUNGSZEIT) values ('40','17','7','45','5,4','17,1');
Insert into DSTEVIC.OPERATIONSSAAL (RAUM_NR,STATIONS_ID,PERSONENKAPAZITAET,OPERATIONSSAAL_ID,OEFFNUNGSZEIT,SCHLIESSUNGSZEIT) values ('73','45','2','46','6,3','18,59');
Insert into DSTEVIC.OPERATIONSSAAL (RAUM_NR,STATIONS_ID,PERSONENKAPAZITAET,OPERATIONSSAAL_ID,OEFFNUNGSZEIT,SCHLIESSUNGSZEIT) values ('65','20','7','47','4,59','18,1');
Insert into DSTEVIC.OPERATIONSSAAL (RAUM_NR,STATIONS_ID,PERSONENKAPAZITAET,OPERATIONSSAAL_ID,OEFFNUNGSZEIT,SCHLIESSUNGSZEIT) values ('20','26','4','48','6,4','18,1');
Insert into DSTEVIC.OPERATIONSSAAL (RAUM_NR,STATIONS_ID,PERSONENKAPAZITAET,OPERATIONSSAAL_ID,OEFFNUNGSZEIT,SCHLIESSUNGSZEIT) values ('94','56','2','49',null,null);
Insert into DSTEVIC.OPERATIONSSAAL (RAUM_NR,STATIONS_ID,PERSONENKAPAZITAET,OPERATIONSSAAL_ID,OEFFNUNGSZEIT,SCHLIESSUNGSZEIT) values ('38','24','9','50','5,5','20');
Insert into DSTEVIC.OPERATIONSSAAL (RAUM_NR,STATIONS_ID,PERSONENKAPAZITAET,OPERATIONSSAAL_ID,OEFFNUNGSZEIT,SCHLIESSUNGSZEIT) values ('58','25','2','51','7,1','16,4');
Insert into DSTEVIC.OPERATIONSSAAL (RAUM_NR,STATIONS_ID,PERSONENKAPAZITAET,OPERATIONSSAAL_ID,OEFFNUNGSZEIT,SCHLIESSUNGSZEIT) values ('77','11','2','52','5,5','19,1');
Insert into DSTEVIC.OPERATIONSSAAL (RAUM_NR,STATIONS_ID,PERSONENKAPAZITAET,OPERATIONSSAAL_ID,OEFFNUNGSZEIT,SCHLIESSUNGSZEIT) values ('25','19','8','53','5,1','18,3');
Insert into DSTEVIC.OPERATIONSSAAL (RAUM_NR,STATIONS_ID,PERSONENKAPAZITAET,OPERATIONSSAAL_ID,OEFFNUNGSZEIT,SCHLIESSUNGSZEIT) values ('51','18','1','54','7,2','16,4');
Insert into DSTEVIC.OPERATIONSSAAL (RAUM_NR,STATIONS_ID,PERSONENKAPAZITAET,OPERATIONSSAAL_ID,OEFFNUNGSZEIT,SCHLIESSUNGSZEIT) values ('74','20','6','55','7,5','17,1');
Insert into DSTEVIC.OPERATIONSSAAL (RAUM_NR,STATIONS_ID,PERSONENKAPAZITAET,OPERATIONSSAAL_ID,OEFFNUNGSZEIT,SCHLIESSUNGSZEIT) values ('95','51','6','56','7,59','16');
Insert into DSTEVIC.OPERATIONSSAAL (RAUM_NR,STATIONS_ID,PERSONENKAPAZITAET,OPERATIONSSAAL_ID,OEFFNUNGSZEIT,SCHLIESSUNGSZEIT) values ('36','1','4','57','8,2','18');
Insert into DSTEVIC.OPERATIONSSAAL (RAUM_NR,STATIONS_ID,PERSONENKAPAZITAET,OPERATIONSSAAL_ID,OEFFNUNGSZEIT,SCHLIESSUNGSZEIT) values ('35','27','9','58','8,5','18,2');
Insert into DSTEVIC.OPERATIONSSAAL (RAUM_NR,STATIONS_ID,PERSONENKAPAZITAET,OPERATIONSSAAL_ID,OEFFNUNGSZEIT,SCHLIESSUNGSZEIT) values ('98','51','6','59','6,4','17,2');
Insert into DSTEVIC.OPERATIONSSAAL (RAUM_NR,STATIONS_ID,PERSONENKAPAZITAET,OPERATIONSSAAL_ID,OEFFNUNGSZEIT,SCHLIESSUNGSZEIT) values ('31','21','3','60','7,59','19,4');
Insert into DSTEVIC.OPERATIONSSAAL (RAUM_NR,STATIONS_ID,PERSONENKAPAZITAET,OPERATIONSSAAL_ID,OEFFNUNGSZEIT,SCHLIESSUNGSZEIT) values ('92','22','7','61','4,3','16,5');
Insert into DSTEVIC.OPERATIONSSAAL (RAUM_NR,STATIONS_ID,PERSONENKAPAZITAET,OPERATIONSSAAL_ID,OEFFNUNGSZEIT,SCHLIESSUNGSZEIT) values ('19','50','4','62','6,1','18,1');
Insert into DSTEVIC.OPERATIONSSAAL (RAUM_NR,STATIONS_ID,PERSONENKAPAZITAET,OPERATIONSSAAL_ID,OEFFNUNGSZEIT,SCHLIESSUNGSZEIT) values ('17','43','9','63','6,5','19');
Insert into DSTEVIC.OPERATIONSSAAL (RAUM_NR,STATIONS_ID,PERSONENKAPAZITAET,OPERATIONSSAAL_ID,OEFFNUNGSZEIT,SCHLIESSUNGSZEIT) values ('59','48','2','64','7,1','19,3');
Insert into DSTEVIC.OPERATIONSSAAL (RAUM_NR,STATIONS_ID,PERSONENKAPAZITAET,OPERATIONSSAAL_ID,OEFFNUNGSZEIT,SCHLIESSUNGSZEIT) values ('13','48','2','65',null,null);
Insert into DSTEVIC.OPERATIONSSAAL (RAUM_NR,STATIONS_ID,PERSONENKAPAZITAET,OPERATIONSSAAL_ID,OEFFNUNGSZEIT,SCHLIESSUNGSZEIT) values ('94','32','3','66','4','19,59');
Insert into DSTEVIC.OPERATIONSSAAL (RAUM_NR,STATIONS_ID,PERSONENKAPAZITAET,OPERATIONSSAAL_ID,OEFFNUNGSZEIT,SCHLIESSUNGSZEIT) values ('50','23','4','67','7,2','20');
Insert into DSTEVIC.OPERATIONSSAAL (RAUM_NR,STATIONS_ID,PERSONENKAPAZITAET,OPERATIONSSAAL_ID,OEFFNUNGSZEIT,SCHLIESSUNGSZEIT) values ('75','56','7','68','6,59','20');
Insert into DSTEVIC.OPERATIONSSAAL (RAUM_NR,STATIONS_ID,PERSONENKAPAZITAET,OPERATIONSSAAL_ID,OEFFNUNGSZEIT,SCHLIESSUNGSZEIT) values ('30','49','9','69','5,20','17,4');
Insert into DSTEVIC.OPERATIONSSAAL (RAUM_NR,STATIONS_ID,PERSONENKAPAZITAET,OPERATIONSSAAL_ID,OEFFNUNGSZEIT,SCHLIESSUNGSZEIT) values ('47','6','4','70','5,20','20');
Insert into DSTEVIC.OPERATIONSSAAL (RAUM_NR,STATIONS_ID,PERSONENKAPAZITAET,OPERATIONSSAAL_ID,OEFFNUNGSZEIT,SCHLIESSUNGSZEIT) values ('99','27','7','71','5,40','16,5');
Insert into DSTEVIC.OPERATIONSSAAL (RAUM_NR,STATIONS_ID,PERSONENKAPAZITAET,OPERATIONSSAAL_ID,OEFFNUNGSZEIT,SCHLIESSUNGSZEIT) values ('75','18','3','72',null,null);
Insert into DSTEVIC.OPERATIONSSAAL (RAUM_NR,STATIONS_ID,PERSONENKAPAZITAET,OPERATIONSSAAL_ID,OEFFNUNGSZEIT,SCHLIESSUNGSZEIT) values ('45','22','9','73','6,59','19,1');
Insert into DSTEVIC.OPERATIONSSAAL (RAUM_NR,STATIONS_ID,PERSONENKAPAZITAET,OPERATIONSSAAL_ID,OEFFNUNGSZEIT,SCHLIESSUNGSZEIT) values ('28','2','1','74','7,50','16,1');
REM INSERTING into DSTEVIC.PATIENT
SET DEFINE OFF;
Insert into DSTEVIC.PATIENT (PATIENTEN_ID,KRANKENHAUS_ID,PATIENTENRAUM_ID,NAME,AUFNAHME_DATUM,ENTLASSUNGS_DATUM,GESCHLECHT,GEBURTSDATUM,BLUTGRUPPE) values ('59','1','2','Krause, Mia',to_date('12.01.24','DD.MM.RR'),null,'1',to_date('08.08.87','DD.MM.RR'),'0');
Insert into DSTEVIC.PATIENT (PATIENTEN_ID,KRANKENHAUS_ID,PATIENTENRAUM_ID,NAME,AUFNAHME_DATUM,ENTLASSUNGS_DATUM,GESCHLECHT,GEBURTSDATUM,BLUTGRUPPE) values ('60','1','37','Hoffmann, Sophie',to_date('12.01.24','DD.MM.RR'),null,'1',to_date('30.10.56','DD.MM.RR'),'AB');
Insert into DSTEVIC.PATIENT (PATIENTEN_ID,KRANKENHAUS_ID,PATIENTENRAUM_ID,NAME,AUFNAHME_DATUM,ENTLASSUNGS_DATUM,GESCHLECHT,GEBURTSDATUM,BLUTGRUPPE) values ('61','2','1','Becker, Emilie',to_date('12.01.24','DD.MM.RR'),null,'1',to_date('04.05.81','DD.MM.RR'),'B');
Insert into DSTEVIC.PATIENT (PATIENTEN_ID,KRANKENHAUS_ID,PATIENTENRAUM_ID,NAME,AUFNAHME_DATUM,ENTLASSUNGS_DATUM,GESCHLECHT,GEBURTSDATUM,BLUTGRUPPE) values ('62','2','43','Otto, Emma',to_date('12.01.24','DD.MM.RR'),null,'1',to_date('05.12.80','DD.MM.RR'),'B');
Insert into DSTEVIC.PATIENT (PATIENTEN_ID,KRANKENHAUS_ID,PATIENTENRAUM_ID,NAME,AUFNAHME_DATUM,ENTLASSUNGS_DATUM,GESCHLECHT,GEBURTSDATUM,BLUTGRUPPE) values ('63','1','43','Ritter, Antonia',to_date('12.01.24','DD.MM.RR'),null,'1',to_date('18.08.99','DD.MM.RR'),'B');
Insert into DSTEVIC.PATIENT (PATIENTEN_ID,KRANKENHAUS_ID,PATIENTENRAUM_ID,NAME,AUFNAHME_DATUM,ENTLASSUNGS_DATUM,GESCHLECHT,GEBURTSDATUM,BLUTGRUPPE) values ('64','2','2','Schr?der, Lea',to_date('12.01.24','DD.MM.RR'),null,'1',to_date('20.06.57','DD.MM.RR'),'A');
Insert into DSTEVIC.PATIENT (PATIENTEN_ID,KRANKENHAUS_ID,PATIENTENRAUM_ID,NAME,AUFNAHME_DATUM,ENTLASSUNGS_DATUM,GESCHLECHT,GEBURTSDATUM,BLUTGRUPPE) values ('65','1','47','Pfeiffer, Victoria',to_date('12.01.24','DD.MM.RR'),null,'1',to_date('09.11.82','DD.MM.RR'),'A');
Insert into DSTEVIC.PATIENT (PATIENTEN_ID,KRANKENHAUS_ID,PATIENTENRAUM_ID,NAME,AUFNAHME_DATUM,ENTLASSUNGS_DATUM,GESCHLECHT,GEBURTSDATUM,BLUTGRUPPE) values ('66','2','47','Schulze, Vera',to_date('12.01.24','DD.MM.RR'),null,'1',to_date('25.12.99','DD.MM.RR'),'A');
Insert into DSTEVIC.PATIENT (PATIENTEN_ID,KRANKENHAUS_ID,PATIENTENRAUM_ID,NAME,AUFNAHME_DATUM,ENTLASSUNGS_DATUM,GESCHLECHT,GEBURTSDATUM,BLUTGRUPPE) values ('67','1','47','Schulze, Isabella',to_date('12.01.24','DD.MM.RR'),null,'1',to_date('13.01.55','DD.MM.RR'),'A');
Insert into DSTEVIC.PATIENT (PATIENTEN_ID,KRANKENHAUS_ID,PATIENTENRAUM_ID,NAME,AUFNAHME_DATUM,ENTLASSUNGS_DATUM,GESCHLECHT,GEBURTSDATUM,BLUTGRUPPE) values ('68','3','37','Herrmann, Maria',to_date('12.01.24','DD.MM.RR'),null,'1',to_date('29.10.79','DD.MM.RR'),'AB');
Insert into DSTEVIC.PATIENT (PATIENTEN_ID,KRANKENHAUS_ID,PATIENTENRAUM_ID,NAME,AUFNAHME_DATUM,ENTLASSUNGS_DATUM,GESCHLECHT,GEBURTSDATUM,BLUTGRUPPE) values ('69','3','2','Schr?der, Lina',to_date('12.01.24','DD.MM.RR'),null,'1',to_date('11.11.67','DD.MM.RR'),'0');
Insert into DSTEVIC.PATIENT (PATIENTEN_ID,KRANKENHAUS_ID,PATIENTENRAUM_ID,NAME,AUFNAHME_DATUM,ENTLASSUNGS_DATUM,GESCHLECHT,GEBURTSDATUM,BLUTGRUPPE) values ('70','2','46','Brandt, Lena',to_date('12.01.24','DD.MM.RR'),null,'1',to_date('16.09.87','DD.MM.RR'),'AB');
Insert into DSTEVIC.PATIENT (PATIENTEN_ID,KRANKENHAUS_ID,PATIENTENRAUM_ID,NAME,AUFNAHME_DATUM,ENTLASSUNGS_DATUM,GESCHLECHT,GEBURTSDATUM,BLUTGRUPPE) values ('71','1','49','Krause, Aurora',to_date('12.01.24','DD.MM.RR'),null,'1',to_date('26.11.55','DD.MM.RR'),'AB');
Insert into DSTEVIC.PATIENT (PATIENTEN_ID,KRANKENHAUS_ID,PATIENTENRAUM_ID,NAME,AUFNAHME_DATUM,ENTLASSUNGS_DATUM,GESCHLECHT,GEBURTSDATUM,BLUTGRUPPE) values ('72','3','46','Meyer, Valentina',to_date('12.01.24','DD.MM.RR'),null,'1',to_date('09.02.97','DD.MM.RR'),'AB');
Insert into DSTEVIC.PATIENT (PATIENTEN_ID,KRANKENHAUS_ID,PATIENTENRAUM_ID,NAME,AUFNAHME_DATUM,ENTLASSUNGS_DATUM,GESCHLECHT,GEBURTSDATUM,BLUTGRUPPE) values ('73','1','40','Kunz, Elisabeth',to_date('12.01.24','DD.MM.RR'),null,'1',to_date('28.12.57','DD.MM.RR'),'AB');
Insert into DSTEVIC.PATIENT (PATIENTEN_ID,KRANKENHAUS_ID,PATIENTENRAUM_ID,NAME,AUFNAHME_DATUM,ENTLASSUNGS_DATUM,GESCHLECHT,GEBURTSDATUM,BLUTGRUPPE) values ('74','1','40','Becker, Zoe',to_date('12.01.24','DD.MM.RR'),null,'1',to_date('11.11.99','DD.MM.RR'),'A');
Insert into DSTEVIC.PATIENT (PATIENTEN_ID,KRANKENHAUS_ID,PATIENTENRAUM_ID,NAME,AUFNAHME_DATUM,ENTLASSUNGS_DATUM,GESCHLECHT,GEBURTSDATUM,BLUTGRUPPE) values ('75','2','43','K?hler, Clara',to_date('12.01.24','DD.MM.RR'),null,'1',to_date('09.09.69','DD.MM.RR'),'AB');
Insert into DSTEVIC.PATIENT (PATIENTEN_ID,KRANKENHAUS_ID,PATIENTENRAUM_ID,NAME,AUFNAHME_DATUM,ENTLASSUNGS_DATUM,GESCHLECHT,GEBURTSDATUM,BLUTGRUPPE) values ('76','2','40','Vogel, Elisabeth',to_date('12.01.24','DD.MM.RR'),null,'1',to_date('02.01.50','DD.MM.RR'),'B');
Insert into DSTEVIC.PATIENT (PATIENTEN_ID,KRANKENHAUS_ID,PATIENTENRAUM_ID,NAME,AUFNAHME_DATUM,ENTLASSUNGS_DATUM,GESCHLECHT,GEBURTSDATUM,BLUTGRUPPE) values ('77','1','1','Sander, Lea',to_date('12.01.24','DD.MM.RR'),null,'1',to_date('03.07.65','DD.MM.RR'),'AB');
Insert into DSTEVIC.PATIENT (PATIENTEN_ID,KRANKENHAUS_ID,PATIENTENRAUM_ID,NAME,AUFNAHME_DATUM,ENTLASSUNGS_DATUM,GESCHLECHT,GEBURTSDATUM,BLUTGRUPPE) values ('78','1','40','Neumann, Lena',to_date('12.01.24','DD.MM.RR'),null,'1',to_date('01.04.72','DD.MM.RR'),'AB');
Insert into DSTEVIC.PATIENT (PATIENTEN_ID,KRANKENHAUS_ID,PATIENTENRAUM_ID,NAME,AUFNAHME_DATUM,ENTLASSUNGS_DATUM,GESCHLECHT,GEBURTSDATUM,BLUTGRUPPE) values ('79','1','49','Kunz, Isabella',to_date('12.01.24','DD.MM.RR'),null,'1',to_date('02.11.64','DD.MM.RR'),'A');
Insert into DSTEVIC.PATIENT (PATIENTEN_ID,KRANKENHAUS_ID,PATIENTENRAUM_ID,NAME,AUFNAHME_DATUM,ENTLASSUNGS_DATUM,GESCHLECHT,GEBURTSDATUM,BLUTGRUPPE) values ('80','3','1','Huber, Lina',to_date('12.01.24','DD.MM.RR'),null,'1',to_date('21.04.00','DD.MM.RR'),'B');
Insert into DSTEVIC.PATIENT (PATIENTEN_ID,KRANKENHAUS_ID,PATIENTENRAUM_ID,NAME,AUFNAHME_DATUM,ENTLASSUNGS_DATUM,GESCHLECHT,GEBURTSDATUM,BLUTGRUPPE) values ('81','3','46','Fischer, Victoria',to_date('12.01.24','DD.MM.RR'),null,'1',to_date('07.08.57','DD.MM.RR'),'A');
Insert into DSTEVIC.PATIENT (PATIENTEN_ID,KRANKENHAUS_ID,PATIENTENRAUM_ID,NAME,AUFNAHME_DATUM,ENTLASSUNGS_DATUM,GESCHLECHT,GEBURTSDATUM,BLUTGRUPPE) values ('82','3','47','Richter, Valentina',to_date('12.01.24','DD.MM.RR'),null,'1',to_date('04.06.99','DD.MM.RR'),'B');
Insert into DSTEVIC.PATIENT (PATIENTEN_ID,KRANKENHAUS_ID,PATIENTENRAUM_ID,NAME,AUFNAHME_DATUM,ENTLASSUNGS_DATUM,GESCHLECHT,GEBURTSDATUM,BLUTGRUPPE) values ('83','2','37','Ludwig, Victoria',to_date('12.01.24','DD.MM.RR'),null,'1',to_date('10.11.92','DD.MM.RR'),'A');
Insert into DSTEVIC.PATIENT (PATIENTEN_ID,KRANKENHAUS_ID,PATIENTENRAUM_ID,NAME,AUFNAHME_DATUM,ENTLASSUNGS_DATUM,GESCHLECHT,GEBURTSDATUM,BLUTGRUPPE) values ('84','1','37','Schwarz, Lena',to_date('12.01.24','DD.MM.RR'),null,'1',to_date('15.05.62','DD.MM.RR'),'A');
Insert into DSTEVIC.PATIENT (PATIENTEN_ID,KRANKENHAUS_ID,PATIENTENRAUM_ID,NAME,AUFNAHME_DATUM,ENTLASSUNGS_DATUM,GESCHLECHT,GEBURTSDATUM,BLUTGRUPPE) values ('85','2','37','Brandt, Maria',to_date('12.01.24','DD.MM.RR'),null,'1',to_date('04.11.04','DD.MM.RR'),'A');
Insert into DSTEVIC.PATIENT (PATIENTEN_ID,KRANKENHAUS_ID,PATIENTENRAUM_ID,NAME,AUFNAHME_DATUM,ENTLASSUNGS_DATUM,GESCHLECHT,GEBURTSDATUM,BLUTGRUPPE) values ('86','1','49','Schneider, Sofia',to_date('12.01.24','DD.MM.RR'),null,'1',to_date('03.12.75','DD.MM.RR'),'A');
Insert into DSTEVIC.PATIENT (PATIENTEN_ID,KRANKENHAUS_ID,PATIENTENRAUM_ID,NAME,AUFNAHME_DATUM,ENTLASSUNGS_DATUM,GESCHLECHT,GEBURTSDATUM,BLUTGRUPPE) values ('87','2','2','Schwarz, Elina',to_date('12.01.24','DD.MM.RR'),null,'1',to_date('18.06.00','DD.MM.RR'),'B');
Insert into DSTEVIC.PATIENT (PATIENTEN_ID,KRANKENHAUS_ID,PATIENTENRAUM_ID,NAME,AUFNAHME_DATUM,ENTLASSUNGS_DATUM,GESCHLECHT,GEBURTSDATUM,BLUTGRUPPE) values ('89','1','43','Lange, Maria',to_date('12.01.24','DD.MM.RR'),null,'1',to_date('17.04.98','DD.MM.RR'),'A');
Insert into DSTEVIC.PATIENT (PATIENTEN_ID,KRANKENHAUS_ID,PATIENTENRAUM_ID,NAME,AUFNAHME_DATUM,ENTLASSUNGS_DATUM,GESCHLECHT,GEBURTSDATUM,BLUTGRUPPE) values ('90','2','1','Lehmann, Alice',to_date('12.01.24','DD.MM.RR'),null,'1',to_date('28.03.61','DD.MM.RR'),'B');
Insert into DSTEVIC.PATIENT (PATIENTEN_ID,KRANKENHAUS_ID,PATIENTENRAUM_ID,NAME,AUFNAHME_DATUM,ENTLASSUNGS_DATUM,GESCHLECHT,GEBURTSDATUM,BLUTGRUPPE) values ('91','1','47','Schulz, Zoe',to_date('12.01.24','DD.MM.RR'),null,'1',to_date('30.09.92','DD.MM.RR'),'B');
Insert into DSTEVIC.PATIENT (PATIENTEN_ID,KRANKENHAUS_ID,PATIENTENRAUM_ID,NAME,AUFNAHME_DATUM,ENTLASSUNGS_DATUM,GESCHLECHT,GEBURTSDATUM,BLUTGRUPPE) values ('92','3','40','Sander, Lena',to_date('12.01.24','DD.MM.RR'),null,'1',to_date('02.04.60','DD.MM.RR'),'0');
Insert into DSTEVIC.PATIENT (PATIENTEN_ID,KRANKENHAUS_ID,PATIENTENRAUM_ID,NAME,AUFNAHME_DATUM,ENTLASSUNGS_DATUM,GESCHLECHT,GEBURTSDATUM,BLUTGRUPPE) values ('93','1','49','Brandt, Anastasia',to_date('12.01.24','DD.MM.RR'),null,'1',to_date('14.12.03','DD.MM.RR'),'0');
Insert into DSTEVIC.PATIENT (PATIENTEN_ID,KRANKENHAUS_ID,PATIENTENRAUM_ID,NAME,AUFNAHME_DATUM,ENTLASSUNGS_DATUM,GESCHLECHT,GEBURTSDATUM,BLUTGRUPPE) values ('94','1','46','Lange, Alina',to_date('12.01.24','DD.MM.RR'),null,'1',to_date('30.10.81','DD.MM.RR'),'0');
Insert into DSTEVIC.PATIENT (PATIENTEN_ID,KRANKENHAUS_ID,PATIENTENRAUM_ID,NAME,AUFNAHME_DATUM,ENTLASSUNGS_DATUM,GESCHLECHT,GEBURTSDATUM,BLUTGRUPPE) values ('95','2','49','Schmid, Zoe',to_date('12.01.24','DD.MM.RR'),null,'1',to_date('24.01.91','DD.MM.RR'),'B');
Insert into DSTEVIC.PATIENT (PATIENTEN_ID,KRANKENHAUS_ID,PATIENTENRAUM_ID,NAME,AUFNAHME_DATUM,ENTLASSUNGS_DATUM,GESCHLECHT,GEBURTSDATUM,BLUTGRUPPE) values ('96','2','46','Peters, Alice',to_date('12.01.24','DD.MM.RR'),null,'1',to_date('05.07.88','DD.MM.RR'),'0');
Insert into DSTEVIC.PATIENT (PATIENTEN_ID,KRANKENHAUS_ID,PATIENTENRAUM_ID,NAME,AUFNAHME_DATUM,ENTLASSUNGS_DATUM,GESCHLECHT,GEBURTSDATUM,BLUTGRUPPE) values ('97','1','43','Schmitt, Luna',to_date('12.01.24','DD.MM.RR'),null,'1',to_date('14.10.81','DD.MM.RR'),'B');
Insert into DSTEVIC.PATIENT (PATIENTEN_ID,KRANKENHAUS_ID,PATIENTENRAUM_ID,NAME,AUFNAHME_DATUM,ENTLASSUNGS_DATUM,GESCHLECHT,GEBURTSDATUM,BLUTGRUPPE) values ('1','1','1','M?ller, Andreas',to_date('12.01.24','DD.MM.RR'),null,'0',to_date('12.12.74','DD.MM.RR'),'A');
Insert into DSTEVIC.PATIENT (PATIENTEN_ID,KRANKENHAUS_ID,PATIENTENRAUM_ID,NAME,AUFNAHME_DATUM,ENTLASSUNGS_DATUM,GESCHLECHT,GEBURTSDATUM,BLUTGRUPPE) values ('4','3','1','Simon, Jonathan',to_date('14.12.23','DD.MM.RR'),null,'0',to_date('23.09.77','DD.MM.RR'),'A');
Insert into DSTEVIC.PATIENT (PATIENTEN_ID,KRANKENHAUS_ID,PATIENTENRAUM_ID,NAME,AUFNAHME_DATUM,ENTLASSUNGS_DATUM,GESCHLECHT,GEBURTSDATUM,BLUTGRUPPE) values ('12','3','2','Lechner, Hugo',to_date('27.12.23','DD.MM.RR'),null,'0',to_date('10.05.56','DD.MM.RR'),'B');
Insert into DSTEVIC.PATIENT (PATIENTEN_ID,KRANKENHAUS_ID,PATIENTENRAUM_ID,NAME,AUFNAHME_DATUM,ENTLASSUNGS_DATUM,GESCHLECHT,GEBURTSDATUM,BLUTGRUPPE) values ('13','3','2','Hartmann, Julian',to_date('18.12.23','DD.MM.RR'),null,'0',to_date('24.09.80','DD.MM.RR'),'A');
Insert into DSTEVIC.PATIENT (PATIENTEN_ID,KRANKENHAUS_ID,PATIENTENRAUM_ID,NAME,AUFNAHME_DATUM,ENTLASSUNGS_DATUM,GESCHLECHT,GEBURTSDATUM,BLUTGRUPPE) values ('18','3','3','Maier, Selina',to_date('04.01.24','DD.MM.RR'),null,'1',to_date('07.10.65','DD.MM.RR'),'AB');
Insert into DSTEVIC.PATIENT (PATIENTEN_ID,KRANKENHAUS_ID,PATIENTENRAUM_ID,NAME,AUFNAHME_DATUM,ENTLASSUNGS_DATUM,GESCHLECHT,GEBURTSDATUM,BLUTGRUPPE) values ('11','1','2','Geiger, Alexander',to_date('02.12.23','DD.MM.RR'),null,'0',to_date('20.09.63','DD.MM.RR'),'0');
Insert into DSTEVIC.PATIENT (PATIENTEN_ID,KRANKENHAUS_ID,PATIENTENRAUM_ID,NAME,AUFNAHME_DATUM,ENTLASSUNGS_DATUM,GESCHLECHT,GEBURTSDATUM,BLUTGRUPPE) values ('19','1','3','Bergmann, Vera',to_date('29.12.23','DD.MM.RR'),null,'1',to_date('18.01.87','DD.MM.RR'),'B');
Insert into DSTEVIC.PATIENT (PATIENTEN_ID,KRANKENHAUS_ID,PATIENTENRAUM_ID,NAME,AUFNAHME_DATUM,ENTLASSUNGS_DATUM,GESCHLECHT,GEBURTSDATUM,BLUTGRUPPE) values ('20','2','3','Schmitt, Alina',to_date('08.12.23','DD.MM.RR'),null,'1',to_date('19.04.58','DD.MM.RR'),'A');
Insert into DSTEVIC.PATIENT (PATIENTEN_ID,KRANKENHAUS_ID,PATIENTENRAUM_ID,NAME,AUFNAHME_DATUM,ENTLASSUNGS_DATUM,GESCHLECHT,GEBURTSDATUM,BLUTGRUPPE) values ('21','3','4','K?nig, Maria',to_date('07.12.23','DD.MM.RR'),null,'1',to_date('23.02.71','DD.MM.RR'),'A');
Insert into DSTEVIC.PATIENT (PATIENTEN_ID,KRANKENHAUS_ID,PATIENTENRAUM_ID,NAME,AUFNAHME_DATUM,ENTLASSUNGS_DATUM,GESCHLECHT,GEBURTSDATUM,BLUTGRUPPE) values ('22','1','4','Lehmann, Valentina',to_date('03.12.23','DD.MM.RR'),null,'1',to_date('27.01.57','DD.MM.RR'),'AB');
Insert into DSTEVIC.PATIENT (PATIENTEN_ID,KRANKENHAUS_ID,PATIENTENRAUM_ID,NAME,AUFNAHME_DATUM,ENTLASSUNGS_DATUM,GESCHLECHT,GEBURTSDATUM,BLUTGRUPPE) values ('23','1','4','Kr?ger, Antonia',to_date('03.12.23','DD.MM.RR'),null,'1',to_date('31.10.89','DD.MM.RR'),'B');
Insert into DSTEVIC.PATIENT (PATIENTEN_ID,KRANKENHAUS_ID,PATIENTENRAUM_ID,NAME,AUFNAHME_DATUM,ENTLASSUNGS_DATUM,GESCHLECHT,GEBURTSDATUM,BLUTGRUPPE) values ('24','2','4','Lang, Emilia',to_date('02.12.23','DD.MM.RR'),null,'1',to_date('14.06.56','DD.MM.RR'),'B');
Insert into DSTEVIC.PATIENT (PATIENTEN_ID,KRANKENHAUS_ID,PATIENTENRAUM_ID,NAME,AUFNAHME_DATUM,ENTLASSUNGS_DATUM,GESCHLECHT,GEBURTSDATUM,BLUTGRUPPE) values ('25','2','4','Ludwig, Anna',to_date('20.12.23','DD.MM.RR'),null,'1',to_date('15.12.98','DD.MM.RR'),'AB');
Insert into DSTEVIC.PATIENT (PATIENTEN_ID,KRANKENHAUS_ID,PATIENTENRAUM_ID,NAME,AUFNAHME_DATUM,ENTLASSUNGS_DATUM,GESCHLECHT,GEBURTSDATUM,BLUTGRUPPE) values ('51','2','3','Meih?fer, Danny',to_date('13.01.24','DD.MM.RR'),null,'0',to_date('03.01.24','DD.MM.RR'),'A');
REM INSERTING into DSTEVIC.PATIENTENRAUM
SET DEFINE OFF;
Insert into DSTEVIC.PATIENTENRAUM (RAUM_NR,BETTKAPAZITAET,STATIONS_ID,PATIENTENRAUM_ID) values ('4','10','3','21');
Insert into DSTEVIC.PATIENTENRAUM (RAUM_NR,BETTKAPAZITAET,STATIONS_ID,PATIENTENRAUM_ID) values ('25','3','12','22');
Insert into DSTEVIC.PATIENTENRAUM (RAUM_NR,BETTKAPAZITAET,STATIONS_ID,PATIENTENRAUM_ID) values ('94','5','11','5');
Insert into DSTEVIC.PATIENTENRAUM (RAUM_NR,BETTKAPAZITAET,STATIONS_ID,PATIENTENRAUM_ID) values ('46','9','21','6');
Insert into DSTEVIC.PATIENTENRAUM (RAUM_NR,BETTKAPAZITAET,STATIONS_ID,PATIENTENRAUM_ID) values ('69','4','42','7');
Insert into DSTEVIC.PATIENTENRAUM (RAUM_NR,BETTKAPAZITAET,STATIONS_ID,PATIENTENRAUM_ID) values ('11','0','7','8');
Insert into DSTEVIC.PATIENTENRAUM (RAUM_NR,BETTKAPAZITAET,STATIONS_ID,PATIENTENRAUM_ID) values ('62','4','15','9');
Insert into DSTEVIC.PATIENTENRAUM (RAUM_NR,BETTKAPAZITAET,STATIONS_ID,PATIENTENRAUM_ID) values ('47','8','4','10');
Insert into DSTEVIC.PATIENTENRAUM (RAUM_NR,BETTKAPAZITAET,STATIONS_ID,PATIENTENRAUM_ID) values ('52','2','17','11');
Insert into DSTEVIC.PATIENTENRAUM (RAUM_NR,BETTKAPAZITAET,STATIONS_ID,PATIENTENRAUM_ID) values ('26','1','9','12');
Insert into DSTEVIC.PATIENTENRAUM (RAUM_NR,BETTKAPAZITAET,STATIONS_ID,PATIENTENRAUM_ID) values ('65','10','55','13');
Insert into DSTEVIC.PATIENTENRAUM (RAUM_NR,BETTKAPAZITAET,STATIONS_ID,PATIENTENRAUM_ID) values ('18','5','13','14');
Insert into DSTEVIC.PATIENTENRAUM (RAUM_NR,BETTKAPAZITAET,STATIONS_ID,PATIENTENRAUM_ID) values ('79','6','28','15');
Insert into DSTEVIC.PATIENTENRAUM (RAUM_NR,BETTKAPAZITAET,STATIONS_ID,PATIENTENRAUM_ID) values ('37','9','25','16');
Insert into DSTEVIC.PATIENTENRAUM (RAUM_NR,BETTKAPAZITAET,STATIONS_ID,PATIENTENRAUM_ID) values ('39','10','22','17');
Insert into DSTEVIC.PATIENTENRAUM (RAUM_NR,BETTKAPAZITAET,STATIONS_ID,PATIENTENRAUM_ID) values ('74','1','11','18');
Insert into DSTEVIC.PATIENTENRAUM (RAUM_NR,BETTKAPAZITAET,STATIONS_ID,PATIENTENRAUM_ID) values ('54','8','14','19');
Insert into DSTEVIC.PATIENTENRAUM (RAUM_NR,BETTKAPAZITAET,STATIONS_ID,PATIENTENRAUM_ID) values ('26','6','29','20');
Insert into DSTEVIC.PATIENTENRAUM (RAUM_NR,BETTKAPAZITAET,STATIONS_ID,PATIENTENRAUM_ID) values ('80','2','9','23');
Insert into DSTEVIC.PATIENTENRAUM (RAUM_NR,BETTKAPAZITAET,STATIONS_ID,PATIENTENRAUM_ID) values ('37','8','36','24');
Insert into DSTEVIC.PATIENTENRAUM (RAUM_NR,BETTKAPAZITAET,STATIONS_ID,PATIENTENRAUM_ID) values ('88','6','31','25');
Insert into DSTEVIC.PATIENTENRAUM (RAUM_NR,BETTKAPAZITAET,STATIONS_ID,PATIENTENRAUM_ID) values ('10','7','55','26');
Insert into DSTEVIC.PATIENTENRAUM (RAUM_NR,BETTKAPAZITAET,STATIONS_ID,PATIENTENRAUM_ID) values ('14','4','2','27');
Insert into DSTEVIC.PATIENTENRAUM (RAUM_NR,BETTKAPAZITAET,STATIONS_ID,PATIENTENRAUM_ID) values ('70','2','7','28');
Insert into DSTEVIC.PATIENTENRAUM (RAUM_NR,BETTKAPAZITAET,STATIONS_ID,PATIENTENRAUM_ID) values ('55','6','9','29');
Insert into DSTEVIC.PATIENTENRAUM (RAUM_NR,BETTKAPAZITAET,STATIONS_ID,PATIENTENRAUM_ID) values ('5','7','35','30');
Insert into DSTEVIC.PATIENTENRAUM (RAUM_NR,BETTKAPAZITAET,STATIONS_ID,PATIENTENRAUM_ID) values ('2','2','5','31');
Insert into DSTEVIC.PATIENTENRAUM (RAUM_NR,BETTKAPAZITAET,STATIONS_ID,PATIENTENRAUM_ID) values ('91','8','29','32');
Insert into DSTEVIC.PATIENTENRAUM (RAUM_NR,BETTKAPAZITAET,STATIONS_ID,PATIENTENRAUM_ID) values ('18','5','41','33');
Insert into DSTEVIC.PATIENTENRAUM (RAUM_NR,BETTKAPAZITAET,STATIONS_ID,PATIENTENRAUM_ID) values ('89','1','27','34');
Insert into DSTEVIC.PATIENTENRAUM (RAUM_NR,BETTKAPAZITAET,STATIONS_ID,PATIENTENRAUM_ID) values ('32','2','29','35');
Insert into DSTEVIC.PATIENTENRAUM (RAUM_NR,BETTKAPAZITAET,STATIONS_ID,PATIENTENRAUM_ID) values ('42','5','18','36');
Insert into DSTEVIC.PATIENTENRAUM (RAUM_NR,BETTKAPAZITAET,STATIONS_ID,PATIENTENRAUM_ID) values ('11','6','45','37');
Insert into DSTEVIC.PATIENTENRAUM (RAUM_NR,BETTKAPAZITAET,STATIONS_ID,PATIENTENRAUM_ID) values ('43','8','14','38');
Insert into DSTEVIC.PATIENTENRAUM (RAUM_NR,BETTKAPAZITAET,STATIONS_ID,PATIENTENRAUM_ID) values ('36','7','2','40');
Insert into DSTEVIC.PATIENTENRAUM (RAUM_NR,BETTKAPAZITAET,STATIONS_ID,PATIENTENRAUM_ID) values ('39','1','6','41');
Insert into DSTEVIC.PATIENTENRAUM (RAUM_NR,BETTKAPAZITAET,STATIONS_ID,PATIENTENRAUM_ID) values ('2','6','4','42');
Insert into DSTEVIC.PATIENTENRAUM (RAUM_NR,BETTKAPAZITAET,STATIONS_ID,PATIENTENRAUM_ID) values ('40','8','26','43');
Insert into DSTEVIC.PATIENTENRAUM (RAUM_NR,BETTKAPAZITAET,STATIONS_ID,PATIENTENRAUM_ID) values ('96','1','39','44');
Insert into DSTEVIC.PATIENTENRAUM (RAUM_NR,BETTKAPAZITAET,STATIONS_ID,PATIENTENRAUM_ID) values ('2','4','16','45');
Insert into DSTEVIC.PATIENTENRAUM (RAUM_NR,BETTKAPAZITAET,STATIONS_ID,PATIENTENRAUM_ID) values ('6','9','7','46');
Insert into DSTEVIC.PATIENTENRAUM (RAUM_NR,BETTKAPAZITAET,STATIONS_ID,PATIENTENRAUM_ID) values ('56','10','55','47');
Insert into DSTEVIC.PATIENTENRAUM (RAUM_NR,BETTKAPAZITAET,STATIONS_ID,PATIENTENRAUM_ID) values ('81','1','49','48');
Insert into DSTEVIC.PATIENTENRAUM (RAUM_NR,BETTKAPAZITAET,STATIONS_ID,PATIENTENRAUM_ID) values ('40','10','24','49');
Insert into DSTEVIC.PATIENTENRAUM (RAUM_NR,BETTKAPAZITAET,STATIONS_ID,PATIENTENRAUM_ID) values ('85','8','22','50');
Insert into DSTEVIC.PATIENTENRAUM (RAUM_NR,BETTKAPAZITAET,STATIONS_ID,PATIENTENRAUM_ID) values ('43','1','8','51');
Insert into DSTEVIC.PATIENTENRAUM (RAUM_NR,BETTKAPAZITAET,STATIONS_ID,PATIENTENRAUM_ID) values ('16','2','14','52');
Insert into DSTEVIC.PATIENTENRAUM (RAUM_NR,BETTKAPAZITAET,STATIONS_ID,PATIENTENRAUM_ID) values ('93','9','56','53');
Insert into DSTEVIC.PATIENTENRAUM (RAUM_NR,BETTKAPAZITAET,STATIONS_ID,PATIENTENRAUM_ID) values ('21','5','12','54');
Insert into DSTEVIC.PATIENTENRAUM (RAUM_NR,BETTKAPAZITAET,STATIONS_ID,PATIENTENRAUM_ID) values ('6','5','4','55');
Insert into DSTEVIC.PATIENTENRAUM (RAUM_NR,BETTKAPAZITAET,STATIONS_ID,PATIENTENRAUM_ID) values ('32','3','51','56');
Insert into DSTEVIC.PATIENTENRAUM (RAUM_NR,BETTKAPAZITAET,STATIONS_ID,PATIENTENRAUM_ID) values ('5','8','1','1');
Insert into DSTEVIC.PATIENTENRAUM (RAUM_NR,BETTKAPAZITAET,STATIONS_ID,PATIENTENRAUM_ID) values ('16','6','5','2');
Insert into DSTEVIC.PATIENTENRAUM (RAUM_NR,BETTKAPAZITAET,STATIONS_ID,PATIENTENRAUM_ID) values ('21','4','5','3');
Insert into DSTEVIC.PATIENTENRAUM (RAUM_NR,BETTKAPAZITAET,STATIONS_ID,PATIENTENRAUM_ID) values ('16','2','8','4');
Insert into DSTEVIC.PATIENTENRAUM (RAUM_NR,BETTKAPAZITAET,STATIONS_ID,PATIENTENRAUM_ID) values ('1','4','55','57');
Insert into DSTEVIC.PATIENTENRAUM (RAUM_NR,BETTKAPAZITAET,STATIONS_ID,PATIENTENRAUM_ID) values ('6','8','1','61');
Insert into DSTEVIC.PATIENTENRAUM (RAUM_NR,BETTKAPAZITAET,STATIONS_ID,PATIENTENRAUM_ID) values ('7','6','1','62');
Insert into DSTEVIC.PATIENTENRAUM (RAUM_NR,BETTKAPAZITAET,STATIONS_ID,PATIENTENRAUM_ID) values ('9','6','1','63');
Insert into DSTEVIC.PATIENTENRAUM (RAUM_NR,BETTKAPAZITAET,STATIONS_ID,PATIENTENRAUM_ID) values ('10','6','43','64');
Insert into DSTEVIC.PATIENTENRAUM (RAUM_NR,BETTKAPAZITAET,STATIONS_ID,PATIENTENRAUM_ID) values ('3','6','43','65');
Insert into DSTEVIC.PATIENTENRAUM (RAUM_NR,BETTKAPAZITAET,STATIONS_ID,PATIENTENRAUM_ID) values ('11','6','43','66');
REM INSERTING into DSTEVIC.PATIENT_VERSICHERUNG
SET DEFINE OFF;
Insert into DSTEVIC.PATIENT_VERSICHERUNG (BETRIEBSNUMMER,PATIENTEN_ID,VERSICHERUNGSNUMMER) values ('1337','1',null);
Insert into DSTEVIC.PATIENT_VERSICHERUNG (BETRIEBSNUMMER,PATIENTEN_ID,VERSICHERUNGSNUMMER) values ('420','1',null);
Insert into DSTEVIC.PATIENT_VERSICHERUNG (BETRIEBSNUMMER,PATIENTEN_ID,VERSICHERUNGSNUMMER) values ('420','4','12345');
REM INSERTING into DSTEVIC.RECHNUNG
SET DEFINE OFF;
Insert into DSTEVIC.RECHNUNG (RECHNUNGS_NR,PATIENTEN_ID,BETRIEBSNUMMER,BETRAG,ZUZAHLUNG,AUSSTELLUNGS_DATUM,FAELLIGKEITS_DATUM,STATUS) values ('2','4','1337','120','12',to_date('14.01.24','DD.MM.RR'),to_date('14.07.24','DD.MM.RR'),'1');
Insert into DSTEVIC.RECHNUNG (RECHNUNGS_NR,PATIENTEN_ID,BETRIEBSNUMMER,BETRAG,ZUZAHLUNG,AUSSTELLUNGS_DATUM,FAELLIGKEITS_DATUM,STATUS) values ('1','1','420','1','1',to_date('12.01.24','DD.MM.RR'),to_date('26.01.24','DD.MM.RR'),'1');
Insert into DSTEVIC.RECHNUNG (RECHNUNGS_NR,PATIENTEN_ID,BETRIEBSNUMMER,BETRAG,ZUZAHLUNG,AUSSTELLUNGS_DATUM,FAELLIGKEITS_DATUM,STATUS) values ('3','4','420','69','42',to_date('14.01.24','DD.MM.RR'),to_date('14.07.24','DD.MM.RR'),'1');
REM INSERTING into DSTEVIC.STATION
SET DEFINE OFF;
Insert into DSTEVIC.STATION (STATIONS_NAME,KRANKENHAUS_ID,NOTFALLSTATION,STATIONS_ID) values ('C3','2','1','61');
Insert into DSTEVIC.STATION (STATIONS_NAME,KRANKENHAUS_ID,NOTFALLSTATION,STATIONS_ID) values ('C4','3','1','1');
Insert into DSTEVIC.STATION (STATIONS_NAME,KRANKENHAUS_ID,NOTFALLSTATION,STATIONS_ID) values ('A1','1','0','2');
Insert into DSTEVIC.STATION (STATIONS_NAME,KRANKENHAUS_ID,NOTFALLSTATION,STATIONS_ID) values ('A2','1','1','3');
Insert into DSTEVIC.STATION (STATIONS_NAME,KRANKENHAUS_ID,NOTFALLSTATION,STATIONS_ID) values ('B1','1','0','4');
Insert into DSTEVIC.STATION (STATIONS_NAME,KRANKENHAUS_ID,NOTFALLSTATION,STATIONS_ID) values ('B2','1','0','5');
Insert into DSTEVIC.STATION (STATIONS_NAME,KRANKENHAUS_ID,NOTFALLSTATION,STATIONS_ID) values ('B3','1','0','6');
Insert into DSTEVIC.STATION (STATIONS_NAME,KRANKENHAUS_ID,NOTFALLSTATION,STATIONS_ID) values ('C2','1','1','7');
Insert into DSTEVIC.STATION (STATIONS_NAME,KRANKENHAUS_ID,NOTFALLSTATION,STATIONS_ID) values ('C1','2','0','8');
Insert into DSTEVIC.STATION (STATIONS_NAME,KRANKENHAUS_ID,NOTFALLSTATION,STATIONS_ID) values ('Y9','1','1','9');
Insert into DSTEVIC.STATION (STATIONS_NAME,KRANKENHAUS_ID,NOTFALLSTATION,STATIONS_ID) values ('S1','1','0','10');
Insert into DSTEVIC.STATION (STATIONS_NAME,KRANKENHAUS_ID,NOTFALLSTATION,STATIONS_ID) values ('Z3','3','0','11');
Insert into DSTEVIC.STATION (STATIONS_NAME,KRANKENHAUS_ID,NOTFALLSTATION,STATIONS_ID) values ('X9','3','0','12');
Insert into DSTEVIC.STATION (STATIONS_NAME,KRANKENHAUS_ID,NOTFALLSTATION,STATIONS_ID) values ('R6','3','0','13');
Insert into DSTEVIC.STATION (STATIONS_NAME,KRANKENHAUS_ID,NOTFALLSTATION,STATIONS_ID) values ('X2','2','0','14');
Insert into DSTEVIC.STATION (STATIONS_NAME,KRANKENHAUS_ID,NOTFALLSTATION,STATIONS_ID) values ('Y2','1','1','15');
Insert into DSTEVIC.STATION (STATIONS_NAME,KRANKENHAUS_ID,NOTFALLSTATION,STATIONS_ID) values ('B8','2','0','16');
Insert into DSTEVIC.STATION (STATIONS_NAME,KRANKENHAUS_ID,NOTFALLSTATION,STATIONS_ID) values ('W3','2','0','17');
Insert into DSTEVIC.STATION (STATIONS_NAME,KRANKENHAUS_ID,NOTFALLSTATION,STATIONS_ID) values ('K5','1','0','18');
Insert into DSTEVIC.STATION (STATIONS_NAME,KRANKENHAUS_ID,NOTFALLSTATION,STATIONS_ID) values ('T8','3','0','19');
Insert into DSTEVIC.STATION (STATIONS_NAME,KRANKENHAUS_ID,NOTFALLSTATION,STATIONS_ID) values ('X3','2','1','20');
Insert into DSTEVIC.STATION (STATIONS_NAME,KRANKENHAUS_ID,NOTFALLSTATION,STATIONS_ID) values ('V4','2','0','21');
Insert into DSTEVIC.STATION (STATIONS_NAME,KRANKENHAUS_ID,NOTFALLSTATION,STATIONS_ID) values ('Z5','3','0','22');
Insert into DSTEVIC.STATION (STATIONS_NAME,KRANKENHAUS_ID,NOTFALLSTATION,STATIONS_ID) values ('T3','1','1','23');
Insert into DSTEVIC.STATION (STATIONS_NAME,KRANKENHAUS_ID,NOTFALLSTATION,STATIONS_ID) values ('O6','1','0','24');
Insert into DSTEVIC.STATION (STATIONS_NAME,KRANKENHAUS_ID,NOTFALLSTATION,STATIONS_ID) values ('P5','1','0','25');
Insert into DSTEVIC.STATION (STATIONS_NAME,KRANKENHAUS_ID,NOTFALLSTATION,STATIONS_ID) values ('R8','1','1','26');
Insert into DSTEVIC.STATION (STATIONS_NAME,KRANKENHAUS_ID,NOTFALLSTATION,STATIONS_ID) values ('Z2','1','0','27');
Insert into DSTEVIC.STATION (STATIONS_NAME,KRANKENHAUS_ID,NOTFALLSTATION,STATIONS_ID) values ('M7','1','0','28');
Insert into DSTEVIC.STATION (STATIONS_NAME,KRANKENHAUS_ID,NOTFALLSTATION,STATIONS_ID) values ('C9','1','0','29');
Insert into DSTEVIC.STATION (STATIONS_NAME,KRANKENHAUS_ID,NOTFALLSTATION,STATIONS_ID) values ('U1','1','0','31');
Insert into DSTEVIC.STATION (STATIONS_NAME,KRANKENHAUS_ID,NOTFALLSTATION,STATIONS_ID) values ('P3','2','0','32');
Insert into DSTEVIC.STATION (STATIONS_NAME,KRANKENHAUS_ID,NOTFALLSTATION,STATIONS_ID) values ('Q7','3','0','34');
Insert into DSTEVIC.STATION (STATIONS_NAME,KRANKENHAUS_ID,NOTFALLSTATION,STATIONS_ID) values ('R1','1','0','35');
Insert into DSTEVIC.STATION (STATIONS_NAME,KRANKENHAUS_ID,NOTFALLSTATION,STATIONS_ID) values ('E2','1','0','36');
Insert into DSTEVIC.STATION (STATIONS_NAME,KRANKENHAUS_ID,NOTFALLSTATION,STATIONS_ID) values ('Z8','1','0','37');
Insert into DSTEVIC.STATION (STATIONS_NAME,KRANKENHAUS_ID,NOTFALLSTATION,STATIONS_ID) values ('Y8','3','1','38');
Insert into DSTEVIC.STATION (STATIONS_NAME,KRANKENHAUS_ID,NOTFALLSTATION,STATIONS_ID) values ('G4','2','0','39');
Insert into DSTEVIC.STATION (STATIONS_NAME,KRANKENHAUS_ID,NOTFALLSTATION,STATIONS_ID) values ('Z6','1','1','40');
Insert into DSTEVIC.STATION (STATIONS_NAME,KRANKENHAUS_ID,NOTFALLSTATION,STATIONS_ID) values ('L9','2','0','41');
Insert into DSTEVIC.STATION (STATIONS_NAME,KRANKENHAUS_ID,NOTFALLSTATION,STATIONS_ID) values ('Q8','2','1','42');
Insert into DSTEVIC.STATION (STATIONS_NAME,KRANKENHAUS_ID,NOTFALLSTATION,STATIONS_ID) values ('I2','3','0','43');
Insert into DSTEVIC.STATION (STATIONS_NAME,KRANKENHAUS_ID,NOTFALLSTATION,STATIONS_ID) values ('V2','3','1','44');
Insert into DSTEVIC.STATION (STATIONS_NAME,KRANKENHAUS_ID,NOTFALLSTATION,STATIONS_ID) values ('A6','3','0','45');
Insert into DSTEVIC.STATION (STATIONS_NAME,KRANKENHAUS_ID,NOTFALLSTATION,STATIONS_ID) values ('J4','1','1','46');
Insert into DSTEVIC.STATION (STATIONS_NAME,KRANKENHAUS_ID,NOTFALLSTATION,STATIONS_ID) values ('X8','3','1','47');
Insert into DSTEVIC.STATION (STATIONS_NAME,KRANKENHAUS_ID,NOTFALLSTATION,STATIONS_ID) values ('R5','1','0','48');
Insert into DSTEVIC.STATION (STATIONS_NAME,KRANKENHAUS_ID,NOTFALLSTATION,STATIONS_ID) values ('O9','1','0','49');
Insert into DSTEVIC.STATION (STATIONS_NAME,KRANKENHAUS_ID,NOTFALLSTATION,STATIONS_ID) values ('D4','2','0','50');
Insert into DSTEVIC.STATION (STATIONS_NAME,KRANKENHAUS_ID,NOTFALLSTATION,STATIONS_ID) values ('E5','1','1','51');
Insert into DSTEVIC.STATION (STATIONS_NAME,KRANKENHAUS_ID,NOTFALLSTATION,STATIONS_ID) values ('O7','3','1','52');
Insert into DSTEVIC.STATION (STATIONS_NAME,KRANKENHAUS_ID,NOTFALLSTATION,STATIONS_ID) values ('L3','2','1','53');
Insert into DSTEVIC.STATION (STATIONS_NAME,KRANKENHAUS_ID,NOTFALLSTATION,STATIONS_ID) values ('E9','1','0','54');
Insert into DSTEVIC.STATION (STATIONS_NAME,KRANKENHAUS_ID,NOTFALLSTATION,STATIONS_ID) values ('T4','2','1','55');
Insert into DSTEVIC.STATION (STATIONS_NAME,KRANKENHAUS_ID,NOTFALLSTATION,STATIONS_ID) values ('D7','1','1','56');
REM INSERTING into DSTEVIC.STATION_ARZT
SET DEFINE OFF;
REM INSERTING into DSTEVIC.STATION_KRANKENPFLEGER
SET DEFINE OFF;
REM INSERTING into DSTEVIC.TEMP_BEHANDLUNGS_ID
SET DEFINE OFF;
REM INSERTING into DSTEVIC.THERAPIE
SET DEFINE OFF;
Insert into DSTEVIC.THERAPIE (BEHANDLUNGS_ID,BEZEICHNUNG,INFO,STARTZEITPUNKT,BERECHTIGUNGSSTUFE,ENDZEITPUNKT) values ('42','regrg           ','geregrhah',to_date('15.01.24','DD.MM.RR'),'1',to_date('01.02.24','DD.MM.RR'));
Insert into DSTEVIC.THERAPIE (BEHANDLUNGS_ID,BEZEICHNUNG,INFO,STARTZEITPUNKT,BERECHTIGUNGSSTUFE,ENDZEITPUNKT) values ('43','Physiotherapie  ','Durchf?hrung von Physiotherapie zur St?rkung der Muskeln und der Mobilit?t',to_date('15.01.24','DD.MM.RR'),'1',to_date('19.02.24','DD.MM.RR'));
Insert into DSTEVIC.THERAPIE (BEHANDLUNGS_ID,BEZEICHNUNG,INFO,STARTZEITPUNKT,BERECHTIGUNGSSTUFE,ENDZEITPUNKT) values ('62','Test            ','Test',to_date('27.01.24','DD.MM.RR'),'2',to_date('03.02.24','DD.MM.RR'));
Insert into DSTEVIC.THERAPIE (BEHANDLUNGS_ID,BEZEICHNUNG,INFO,STARTZEITPUNKT,BERECHTIGUNGSSTUFE,ENDZEITPUNKT) values ('1','Levodopa-Therapie','Gabe von Levodopa-Medikament',to_date('14.01.24','DD.MM.RR'),'3',to_date('04.02.24','DD.MM.RR'));
Insert into DSTEVIC.THERAPIE (BEHANDLUNGS_ID,BEZEICHNUNG,INFO,STARTZEITPUNKT,BERECHTIGUNGSSTUFE,ENDZEITPUNKT) values ('44','Physiotherapie  ','Physiotherapie zur Verbesserung der Mobilit?t',to_date('15.01.24','DD.MM.RR'),'1',to_date('29.01.24','DD.MM.RR'));
Insert into DSTEVIC.THERAPIE (BEHANDLUNGS_ID,BEZEICHNUNG,INFO,STARTZEITPUNKT,BERECHTIGUNGSSTUFE,ENDZEITPUNKT) values ('61','rgerg           ','regerg',to_date('20.01.24','DD.MM.RR'),'1',to_date('27.01.24','DD.MM.RR'));
REM INSERTING into DSTEVIC.THERAPIE_DIAGNOSE
SET DEFINE OFF;
Insert into DSTEVIC.THERAPIE_DIAGNOSE (BEHANDLUNGS_ID,DIAGNOSE_ID) values ('1','5');
Insert into DSTEVIC.THERAPIE_DIAGNOSE (BEHANDLUNGS_ID,DIAGNOSE_ID) values ('43','5');
Insert into DSTEVIC.THERAPIE_DIAGNOSE (BEHANDLUNGS_ID,DIAGNOSE_ID) values ('44','41');
Insert into DSTEVIC.THERAPIE_DIAGNOSE (BEHANDLUNGS_ID,DIAGNOSE_ID) values ('61','5');
Insert into DSTEVIC.THERAPIE_DIAGNOSE (BEHANDLUNGS_ID,DIAGNOSE_ID) values ('62','5');
REM INSERTING into DSTEVIC.VERSICHERUNG
SET DEFINE OFF;
Insert into DSTEVIC.VERSICHERUNG (BETRIEBSNUMMER,VERSICHERUNGSNAME) values ('420','Versicherung_02');
Insert into DSTEVIC.VERSICHERUNG (BETRIEBSNUMMER,VERSICHERUNGSNAME) values ('1337','Versicherung_01');


--------------------------------------------------------
--  DDL for Index BENUTZER_PK
--------------------------------------------------------

  CREATE UNIQUE INDEX "DSTEVIC"."BENUTZER_PK" ON "DSTEVIC"."BENUTZER" ("BENUTZERNAME") 
  PCTFREE 10 INITRANS 2 MAXTRANS 255 COMPUTE STATISTICS 
  STORAGE(INITIAL 65536 NEXT 1048576 MINEXTENTS 1 MAXEXTENTS 2147483645
  PCTINCREASE 0 FREELISTS 1 FREELIST GROUPS 1
  BUFFER_POOL DEFAULT FLASH_CACHE DEFAULT CELL_FLASH_CACHE DEFAULT)
  TABLESPACE "DBLAB" ;
--------------------------------------------------------
--  DDL for Index PK_ARZT
--------------------------------------------------------

  CREATE UNIQUE INDEX "DSTEVIC"."PK_ARZT" ON "DSTEVIC"."ARZT" ("MITARBEITER_NR") 
  PCTFREE 10 INITRANS 2 MAXTRANS 255 COMPUTE STATISTICS 
  STORAGE(INITIAL 65536 NEXT 1048576 MINEXTENTS 1 MAXEXTENTS 2147483645
  PCTINCREASE 0 FREELISTS 1 FREELIST GROUPS 1
  BUFFER_POOL DEFAULT FLASH_CACHE DEFAULT CELL_FLASH_CACHE DEFAULT)
  TABLESPACE "DBLAB" ;
--------------------------------------------------------
--  DDL for Index PK_ARZT_OPERATION
--------------------------------------------------------

  CREATE UNIQUE INDEX "DSTEVIC"."PK_ARZT_OPERATION" ON "DSTEVIC"."ARZT_OPERATION" ("BEHANDLUNGS_ID", "MITARBEITER_NR") 
  PCTFREE 10 INITRANS 2 MAXTRANS 255 COMPUTE STATISTICS 
  STORAGE(INITIAL 65536 NEXT 1048576 MINEXTENTS 1 MAXEXTENTS 2147483645
  PCTINCREASE 0 FREELISTS 1 FREELIST GROUPS 1
  BUFFER_POOL DEFAULT FLASH_CACHE DEFAULT CELL_FLASH_CACHE DEFAULT)
  TABLESPACE "DBLAB" ;
--------------------------------------------------------
--  DDL for Index PK_ARZT_THERAPIE
--------------------------------------------------------

  CREATE UNIQUE INDEX "DSTEVIC"."PK_ARZT_THERAPIE" ON "DSTEVIC"."ARZT_THERAPIE" ("BEHANDLUNGS_ID", "MITARBEITER_NR") 
  PCTFREE 10 INITRANS 2 MAXTRANS 255 COMPUTE STATISTICS 
  STORAGE(INITIAL 65536 NEXT 1048576 MINEXTENTS 1 MAXEXTENTS 2147483645
  PCTINCREASE 0 FREELISTS 1 FREELIST GROUPS 1
  BUFFER_POOL DEFAULT FLASH_CACHE DEFAULT CELL_FLASH_CACHE DEFAULT)
  TABLESPACE "DBLAB" ;
--------------------------------------------------------
--  DDL for Index PK_DIAGNOSE
--------------------------------------------------------

  CREATE UNIQUE INDEX "DSTEVIC"."PK_DIAGNOSE" ON "DSTEVIC"."DIAGNOSE" ("DIAGNOSE_ID") 
  PCTFREE 10 INITRANS 2 MAXTRANS 255 COMPUTE STATISTICS 
  STORAGE(INITIAL 65536 NEXT 1048576 MINEXTENTS 1 MAXEXTENTS 2147483645
  PCTINCREASE 0 FREELISTS 1 FREELIST GROUPS 1
  BUFFER_POOL DEFAULT FLASH_CACHE DEFAULT CELL_FLASH_CACHE DEFAULT)
  TABLESPACE "DBLAB" ;
--------------------------------------------------------
--  DDL for Index PK_KRANKENHAUS
--------------------------------------------------------

  CREATE UNIQUE INDEX "DSTEVIC"."PK_KRANKENHAUS" ON "DSTEVIC"."KRANKENHAUS" ("KRANKENHAUS_ID") 
  PCTFREE 10 INITRANS 2 MAXTRANS 255 COMPUTE STATISTICS 
  STORAGE(INITIAL 65536 NEXT 1048576 MINEXTENTS 1 MAXEXTENTS 2147483645
  PCTINCREASE 0 FREELISTS 1 FREELIST GROUPS 1
  BUFFER_POOL DEFAULT FLASH_CACHE DEFAULT CELL_FLASH_CACHE DEFAULT)
  TABLESPACE "DBLAB" ;
--------------------------------------------------------
--  DDL for Index PK_KRANKENPFLEGER
--------------------------------------------------------

  CREATE UNIQUE INDEX "DSTEVIC"."PK_KRANKENPFLEGER" ON "DSTEVIC"."KRANKENPFLEGER" ("MITARBEITER_NR") 
  PCTFREE 10 INITRANS 2 MAXTRANS 255 COMPUTE STATISTICS 
  STORAGE(INITIAL 65536 NEXT 1048576 MINEXTENTS 1 MAXEXTENTS 2147483645
  PCTINCREASE 0 FREELISTS 1 FREELIST GROUPS 1
  BUFFER_POOL DEFAULT FLASH_CACHE DEFAULT CELL_FLASH_CACHE DEFAULT)
  TABLESPACE "DBLAB" ;
--------------------------------------------------------
--  DDL for Index PK_KRANKENPFLEGER_ARZT
--------------------------------------------------------

  CREATE UNIQUE INDEX "DSTEVIC"."PK_KRANKENPFLEGER_ARZT" ON "DSTEVIC"."KRANKENPFLEGER_ARZT" ("BEHANDLUNGS_ID", "MITARBEITER_NR") 
  PCTFREE 10 INITRANS 2 MAXTRANS 255 COMPUTE STATISTICS 
  STORAGE(INITIAL 65536 NEXT 1048576 MINEXTENTS 1 MAXEXTENTS 2147483645
  PCTINCREASE 0 FREELISTS 1 FREELIST GROUPS 1
  BUFFER_POOL DEFAULT FLASH_CACHE DEFAULT CELL_FLASH_CACHE DEFAULT)
  TABLESPACE "DBLAB" ;
--------------------------------------------------------
--  DDL for Index PK_KRANKENPFLEGER_THERAPIE
--------------------------------------------------------

  CREATE UNIQUE INDEX "DSTEVIC"."PK_KRANKENPFLEGER_THERAPIE" ON "DSTEVIC"."KRANKENPFLEGER_THERAPIE" ("BEHANDLUNGS_ID", "MITARBEITER_NR") 
  PCTFREE 10 INITRANS 2 MAXTRANS 255 COMPUTE STATISTICS 
  STORAGE(INITIAL 65536 NEXT 1048576 MINEXTENTS 1 MAXEXTENTS 2147483645
  PCTINCREASE 0 FREELISTS 1 FREELIST GROUPS 1
  BUFFER_POOL DEFAULT FLASH_CACHE DEFAULT CELL_FLASH_CACHE DEFAULT)
  TABLESPACE "DBLAB" ;
--------------------------------------------------------
--  DDL for Index PK_LAGERRAUM
--------------------------------------------------------

  CREATE UNIQUE INDEX "DSTEVIC"."PK_LAGERRAUM" ON "DSTEVIC"."LAGERRAUM" ("LAGERRAUM_ID") 
  PCTFREE 10 INITRANS 2 MAXTRANS 255 COMPUTE STATISTICS 
  STORAGE(INITIAL 65536 NEXT 1048576 MINEXTENTS 1 MAXEXTENTS 2147483645
  PCTINCREASE 0 FREELISTS 1 FREELIST GROUPS 1
  BUFFER_POOL DEFAULT FLASH_CACHE DEFAULT CELL_FLASH_CACHE DEFAULT)
  TABLESPACE "DBLAB" ;
--------------------------------------------------------
--  DDL for Index PK_MEDIKAMENT
--------------------------------------------------------

  CREATE UNIQUE INDEX "DSTEVIC"."PK_MEDIKAMENT" ON "DSTEVIC"."MEDIKAMENT" ("MEDIKAMENTEN_NR") 
  PCTFREE 10 INITRANS 2 MAXTRANS 255 COMPUTE STATISTICS 
  STORAGE(INITIAL 65536 NEXT 1048576 MINEXTENTS 1 MAXEXTENTS 2147483645
  PCTINCREASE 0 FREELISTS 1 FREELIST GROUPS 1
  BUFFER_POOL DEFAULT FLASH_CACHE DEFAULT CELL_FLASH_CACHE DEFAULT)
  TABLESPACE "DBLAB" ;
--------------------------------------------------------
--  DDL for Index PK_OPERATION
--------------------------------------------------------

  CREATE UNIQUE INDEX "DSTEVIC"."PK_OPERATION" ON "DSTEVIC"."OPERATION" ("BEHANDLUNGS_ID") 
  PCTFREE 10 INITRANS 2 MAXTRANS 255 COMPUTE STATISTICS 
  STORAGE(INITIAL 65536 NEXT 1048576 MINEXTENTS 1 MAXEXTENTS 2147483645
  PCTINCREASE 0 FREELISTS 1 FREELIST GROUPS 1
  BUFFER_POOL DEFAULT FLASH_CACHE DEFAULT CELL_FLASH_CACHE DEFAULT)
  TABLESPACE "DBLAB" ;
--------------------------------------------------------
--  DDL for Index PK_OPERATIONSSAAL
--------------------------------------------------------

  CREATE UNIQUE INDEX "DSTEVIC"."PK_OPERATIONSSAAL" ON "DSTEVIC"."OPERATIONSSAAL" ("OPERATIONSSAAL_ID") 
  PCTFREE 10 INITRANS 2 MAXTRANS 255 COMPUTE STATISTICS 
  STORAGE(INITIAL 65536 NEXT 1048576 MINEXTENTS 1 MAXEXTENTS 2147483645
  PCTINCREASE 0 FREELISTS 1 FREELIST GROUPS 1
  BUFFER_POOL DEFAULT FLASH_CACHE DEFAULT CELL_FLASH_CACHE DEFAULT)
  TABLESPACE "DBLAB" ;
--------------------------------------------------------
--  DDL for Index PK_OPERATION_DIAGNOSE
--------------------------------------------------------

  CREATE UNIQUE INDEX "DSTEVIC"."PK_OPERATION_DIAGNOSE" ON "DSTEVIC"."OPERATION_DIAGNOSE" ("BEHANDLUNGS_ID", "DIAGNOSE_ID") 
  PCTFREE 10 INITRANS 2 MAXTRANS 255 COMPUTE STATISTICS 
  STORAGE(INITIAL 65536 NEXT 1048576 MINEXTENTS 1 MAXEXTENTS 2147483645
  PCTINCREASE 0 FREELISTS 1 FREELIST GROUPS 1
  BUFFER_POOL DEFAULT FLASH_CACHE DEFAULT CELL_FLASH_CACHE DEFAULT)
  TABLESPACE "DBLAB" ;
--------------------------------------------------------
--  DDL for Index PK_PATIENT
--------------------------------------------------------

  CREATE UNIQUE INDEX "DSTEVIC"."PK_PATIENT" ON "DSTEVIC"."PATIENT" ("PATIENTEN_ID") 
  PCTFREE 10 INITRANS 2 MAXTRANS 255 COMPUTE STATISTICS 
  STORAGE(INITIAL 65536 NEXT 1048576 MINEXTENTS 1 MAXEXTENTS 2147483645
  PCTINCREASE 0 FREELISTS 1 FREELIST GROUPS 1
  BUFFER_POOL DEFAULT FLASH_CACHE DEFAULT CELL_FLASH_CACHE DEFAULT)
  TABLESPACE "DBLAB" ;
--------------------------------------------------------
--  DDL for Index PK_PATIENTENRAUM
--------------------------------------------------------

  CREATE UNIQUE INDEX "DSTEVIC"."PK_PATIENTENRAUM" ON "DSTEVIC"."PATIENTENRAUM" ("PATIENTENRAUM_ID") 
  PCTFREE 10 INITRANS 2 MAXTRANS 255 COMPUTE STATISTICS 
  STORAGE(INITIAL 65536 NEXT 1048576 MINEXTENTS 1 MAXEXTENTS 2147483645
  PCTINCREASE 0 FREELISTS 1 FREELIST GROUPS 1
  BUFFER_POOL DEFAULT FLASH_CACHE DEFAULT CELL_FLASH_CACHE DEFAULT)
  TABLESPACE "DBLAB" ;
--------------------------------------------------------
--  DDL for Index PK_PATIENT_VERSICHERUNG
--------------------------------------------------------

  CREATE UNIQUE INDEX "DSTEVIC"."PK_PATIENT_VERSICHERUNG" ON "DSTEVIC"."PATIENT_VERSICHERUNG" ("BETRIEBSNUMMER", "PATIENTEN_ID") 
  PCTFREE 10 INITRANS 2 MAXTRANS 255 COMPUTE STATISTICS 
  STORAGE(INITIAL 65536 NEXT 1048576 MINEXTENTS 1 MAXEXTENTS 2147483645
  PCTINCREASE 0 FREELISTS 1 FREELIST GROUPS 1
  BUFFER_POOL DEFAULT FLASH_CACHE DEFAULT CELL_FLASH_CACHE DEFAULT)
  TABLESPACE "DBLAB" ;
--------------------------------------------------------
--  DDL for Index PK_RECHNUNG
--------------------------------------------------------

  CREATE UNIQUE INDEX "DSTEVIC"."PK_RECHNUNG" ON "DSTEVIC"."RECHNUNG" ("RECHNUNGS_NR") 
  PCTFREE 10 INITRANS 2 MAXTRANS 255 COMPUTE STATISTICS 
  STORAGE(INITIAL 65536 NEXT 1048576 MINEXTENTS 1 MAXEXTENTS 2147483645
  PCTINCREASE 0 FREELISTS 1 FREELIST GROUPS 1
  BUFFER_POOL DEFAULT FLASH_CACHE DEFAULT CELL_FLASH_CACHE DEFAULT)
  TABLESPACE "DBLAB" ;
--------------------------------------------------------
--  DDL for Index PK_STATION
--------------------------------------------------------

  CREATE UNIQUE INDEX "DSTEVIC"."PK_STATION" ON "DSTEVIC"."STATION" ("STATIONS_ID") 
  PCTFREE 10 INITRANS 2 MAXTRANS 255 COMPUTE STATISTICS 
  STORAGE(INITIAL 65536 NEXT 1048576 MINEXTENTS 1 MAXEXTENTS 2147483645
  PCTINCREASE 0 FREELISTS 1 FREELIST GROUPS 1
  BUFFER_POOL DEFAULT FLASH_CACHE DEFAULT CELL_FLASH_CACHE DEFAULT)
  TABLESPACE "DBLAB" ;
--------------------------------------------------------
--  DDL for Index PK_STATION_ARZT
--------------------------------------------------------

  CREATE UNIQUE INDEX "DSTEVIC"."PK_STATION_ARZT" ON "DSTEVIC"."STATION_ARZT" ("MITARBEITER_NR", "STATIONS_ID") 
  PCTFREE 10 INITRANS 2 MAXTRANS 255 COMPUTE STATISTICS 
  STORAGE(INITIAL 65536 NEXT 1048576 MINEXTENTS 1 MAXEXTENTS 2147483645
  PCTINCREASE 0 FREELISTS 1 FREELIST GROUPS 1
  BUFFER_POOL DEFAULT FLASH_CACHE DEFAULT CELL_FLASH_CACHE DEFAULT)
  TABLESPACE "DBLAB" ;
--------------------------------------------------------
--  DDL for Index PK_STATION_KRANKENPFLEGER
--------------------------------------------------------

  CREATE UNIQUE INDEX "DSTEVIC"."PK_STATION_KRANKENPFLEGER" ON "DSTEVIC"."STATION_KRANKENPFLEGER" ("MITARBEITER_NR", "STATIONS_ID") 
  PCTFREE 10 INITRANS 2 MAXTRANS 255 COMPUTE STATISTICS 
  STORAGE(INITIAL 65536 NEXT 1048576 MINEXTENTS 1 MAXEXTENTS 2147483645
  PCTINCREASE 0 FREELISTS 1 FREELIST GROUPS 1
  BUFFER_POOL DEFAULT FLASH_CACHE DEFAULT CELL_FLASH_CACHE DEFAULT)
  TABLESPACE "DBLAB" ;
--------------------------------------------------------
--  DDL for Index PK_THERAPIE
--------------------------------------------------------

  CREATE UNIQUE INDEX "DSTEVIC"."PK_THERAPIE" ON "DSTEVIC"."THERAPIE" ("BEHANDLUNGS_ID") 
  PCTFREE 10 INITRANS 2 MAXTRANS 255 COMPUTE STATISTICS 
  STORAGE(INITIAL 65536 NEXT 1048576 MINEXTENTS 1 MAXEXTENTS 2147483645
  PCTINCREASE 0 FREELISTS 1 FREELIST GROUPS 1
  BUFFER_POOL DEFAULT FLASH_CACHE DEFAULT CELL_FLASH_CACHE DEFAULT)
  TABLESPACE "DBLAB" ;
--------------------------------------------------------
--  DDL for Index PK_THERAPIE_DIAGNOSE
--------------------------------------------------------

  CREATE UNIQUE INDEX "DSTEVIC"."PK_THERAPIE_DIAGNOSE" ON "DSTEVIC"."THERAPIE_DIAGNOSE" ("BEHANDLUNGS_ID", "DIAGNOSE_ID") 
  PCTFREE 10 INITRANS 2 MAXTRANS 255 COMPUTE STATISTICS 
  STORAGE(INITIAL 65536 NEXT 1048576 MINEXTENTS 1 MAXEXTENTS 2147483645
  PCTINCREASE 0 FREELISTS 1 FREELIST GROUPS 1
  BUFFER_POOL DEFAULT FLASH_CACHE DEFAULT CELL_FLASH_CACHE DEFAULT)
  TABLESPACE "DBLAB" ;
--------------------------------------------------------
--  DDL for Index PK_VERSICHERUNG
--------------------------------------------------------

  CREATE UNIQUE INDEX "DSTEVIC"."PK_VERSICHERUNG" ON "DSTEVIC"."VERSICHERUNG" ("BETRIEBSNUMMER") 
  PCTFREE 10 INITRANS 2 MAXTRANS 255 COMPUTE STATISTICS 
  STORAGE(INITIAL 65536 NEXT 1048576 MINEXTENTS 1 MAXEXTENTS 2147483645
  PCTINCREASE 0 FREELISTS 1 FREELIST GROUPS 1
  BUFFER_POOL DEFAULT FLASH_CACHE DEFAULT CELL_FLASH_CACHE DEFAULT)
  TABLESPACE "DBLAB" ;
--------------------------------------------------------
--  DDL for Index RELATIONSHIP_22_FK
--------------------------------------------------------

  CREATE INDEX "DSTEVIC"."RELATIONSHIP_22_FK" ON "DSTEVIC"."RECHNUNG" ("BETRIEBSNUMMER") 
  PCTFREE 10 INITRANS 2 MAXTRANS 255 COMPUTE STATISTICS 
  STORAGE(INITIAL 65536 NEXT 1048576 MINEXTENTS 1 MAXEXTENTS 2147483645
  PCTINCREASE 0 FREELISTS 1 FREELIST GROUPS 1
  BUFFER_POOL DEFAULT FLASH_CACHE DEFAULT CELL_FLASH_CACHE DEFAULT)
  TABLESPACE "DBLAB" ;
--------------------------------------------------------
--  DDL for Index RELATIONSHIP_26_FK
--------------------------------------------------------

  CREATE INDEX "DSTEVIC"."RELATIONSHIP_26_FK" ON "DSTEVIC"."DIAGNOSE" ("MITARBEITER_NR") 
  PCTFREE 10 INITRANS 2 MAXTRANS 255 COMPUTE STATISTICS 
  STORAGE(INITIAL 65536 NEXT 1048576 MINEXTENTS 1 MAXEXTENTS 2147483645
  PCTINCREASE 0 FREELISTS 1 FREELIST GROUPS 1
  BUFFER_POOL DEFAULT FLASH_CACHE DEFAULT CELL_FLASH_CACHE DEFAULT)
  TABLESPACE "DBLAB" ;
--------------------------------------------------------
--  DDL for Index ZUGEORDNET_FK
--------------------------------------------------------

  CREATE INDEX "DSTEVIC"."ZUGEORDNET_FK" ON "DSTEVIC"."STATION_KRANKENPFLEGER" ("STATIONS_ID") 
  PCTFREE 10 INITRANS 2 MAXTRANS 255 COMPUTE STATISTICS 
  STORAGE(INITIAL 65536 NEXT 1048576 MINEXTENTS 1 MAXEXTENTS 2147483645
  PCTINCREASE 0 FREELISTS 1 FREELIST GROUPS 1
  BUFFER_POOL DEFAULT FLASH_CACHE DEFAULT CELL_FLASH_CACHE DEFAULT)
  TABLESPACE "DBLAB" ;
--------------------------------------------------------
--  DDL for Index DURCHGEFUHRT_VON_FK4
--------------------------------------------------------

  CREATE INDEX "DSTEVIC"."DURCHGEFUHRT_VON_FK4" ON "DSTEVIC"."ARZT_OPERATION" ("MITARBEITER_NR") 
  PCTFREE 10 INITRANS 2 MAXTRANS 255 COMPUTE STATISTICS 
  STORAGE(INITIAL 65536 NEXT 1048576 MINEXTENTS 1 MAXEXTENTS 2147483645
  PCTINCREASE 0 FREELISTS 1 FREELIST GROUPS 1
  BUFFER_POOL DEFAULT FLASH_CACHE DEFAULT CELL_FLASH_CACHE DEFAULT)
  TABLESPACE "DBLAB" ;
--------------------------------------------------------
--  DDL for Index FUHRT_DURCH_FK6
--------------------------------------------------------

  CREATE INDEX "DSTEVIC"."FUHRT_DURCH_FK6" ON "DSTEVIC"."ARZT_OPERATION" ("BEHANDLUNGS_ID") 
  PCTFREE 10 INITRANS 2 MAXTRANS 255 COMPUTE STATISTICS 
  STORAGE(INITIAL 65536 NEXT 1048576 MINEXTENTS 1 MAXEXTENTS 2147483645
  PCTINCREASE 0 FREELISTS 1 FREELIST GROUPS 1
  BUFFER_POOL DEFAULT FLASH_CACHE DEFAULT CELL_FLASH_CACHE DEFAULT)
  TABLESPACE "DBLAB" ;
--------------------------------------------------------
--  DDL for Index IST_VERSICHERT_FK
--------------------------------------------------------

  CREATE INDEX "DSTEVIC"."IST_VERSICHERT_FK" ON "DSTEVIC"."PATIENT_VERSICHERUNG" ("BETRIEBSNUMMER") 
  PCTFREE 10 INITRANS 2 MAXTRANS 255 COMPUTE STATISTICS 
  STORAGE(INITIAL 65536 NEXT 1048576 MINEXTENTS 1 MAXEXTENTS 2147483645
  PCTINCREASE 0 FREELISTS 1 FREELIST GROUPS 1
  BUFFER_POOL DEFAULT FLASH_CACHE DEFAULT CELL_FLASH_CACHE DEFAULT)
  TABLESPACE "DBLAB" ;
--------------------------------------------------------
--  DDL for Index 1_FK
--------------------------------------------------------

  CREATE INDEX "DSTEVIC"."1_FK" ON "DSTEVIC"."PATIENT" ("KRANKENHAUS_ID") 
  PCTFREE 10 INITRANS 2 MAXTRANS 255 COMPUTE STATISTICS 
  STORAGE(INITIAL 65536 NEXT 1048576 MINEXTENTS 1 MAXEXTENTS 2147483645
  PCTINCREASE 0 FREELISTS 1 FREELIST GROUPS 1
  BUFFER_POOL DEFAULT FLASH_CACHE DEFAULT CELL_FLASH_CACHE DEFAULT)
  TABLESPACE "DBLAB" ;
--------------------------------------------------------
--  DDL for Index DURCHGEFUHRT_VON_FK3
--------------------------------------------------------

  CREATE INDEX "DSTEVIC"."DURCHGEFUHRT_VON_FK3" ON "DSTEVIC"."KRANKENPFLEGER_ARZT" ("MITARBEITER_NR") 
  PCTFREE 10 INITRANS 2 MAXTRANS 255 COMPUTE STATISTICS 
  STORAGE(INITIAL 65536 NEXT 1048576 MINEXTENTS 1 MAXEXTENTS 2147483645
  PCTINCREASE 0 FREELISTS 1 FREELIST GROUPS 1
  BUFFER_POOL DEFAULT FLASH_CACHE DEFAULT CELL_FLASH_CACHE DEFAULT)
  TABLESPACE "DBLAB" ;
--------------------------------------------------------
--  DDL for Index RELATIONSHIP_8_FK
--------------------------------------------------------

  CREATE INDEX "DSTEVIC"."RELATIONSHIP_8_FK" ON "DSTEVIC"."KRANKENPFLEGER" ("KRANKENHAUS_ID") 
  PCTFREE 10 INITRANS 2 MAXTRANS 255 COMPUTE STATISTICS 
  STORAGE(INITIAL 65536 NEXT 1048576 MINEXTENTS 1 MAXEXTENTS 2147483645
  PCTINCREASE 0 FREELISTS 1 FREELIST GROUPS 1
  BUFFER_POOL DEFAULT FLASH_CACHE DEFAULT CELL_FLASH_CACHE DEFAULT)
  TABLESPACE "DBLAB" ;
--------------------------------------------------------
--  DDL for Index RELATIONSHIP_11_FK
--------------------------------------------------------

  CREATE INDEX "DSTEVIC"."RELATIONSHIP_11_FK" ON "DSTEVIC"."MEDIKAMENT" ("LAGERRAUM_ID") 
  PCTFREE 10 INITRANS 2 MAXTRANS 255 COMPUTE STATISTICS 
  STORAGE(INITIAL 65536 NEXT 1048576 MINEXTENTS 1 MAXEXTENTS 2147483645
  PCTINCREASE 0 FREELISTS 1 FREELIST GROUPS 1
  BUFFER_POOL DEFAULT FLASH_CACHE DEFAULT CELL_FLASH_CACHE DEFAULT)
  TABLESPACE "DBLAB" ;
--------------------------------------------------------
--  DDL for Index DURCHGEFUHRT_VON_FK2
--------------------------------------------------------

  CREATE INDEX "DSTEVIC"."DURCHGEFUHRT_VON_FK2" ON "DSTEVIC"."ARZT_THERAPIE" ("MITARBEITER_NR") 
  PCTFREE 10 INITRANS 2 MAXTRANS 255 COMPUTE STATISTICS 
  STORAGE(INITIAL 65536 NEXT 1048576 MINEXTENTS 1 MAXEXTENTS 2147483645
  PCTINCREASE 0 FREELISTS 1 FREELIST GROUPS 1
  BUFFER_POOL DEFAULT FLASH_CACHE DEFAULT CELL_FLASH_CACHE DEFAULT)
  TABLESPACE "DBLAB" ;
--------------------------------------------------------
--  DDL for Index RELATIONSHIP_6_FK3
--------------------------------------------------------

  CREATE INDEX "DSTEVIC"."RELATIONSHIP_6_FK3" ON "DSTEVIC"."OPERATIONSSAAL" ("STATIONS_ID") 
  PCTFREE 10 INITRANS 2 MAXTRANS 255 COMPUTE STATISTICS 
  STORAGE(INITIAL 65536 NEXT 1048576 MINEXTENTS 1 MAXEXTENTS 2147483645
  PCTINCREASE 0 FREELISTS 1 FREELIST GROUPS 1
  BUFFER_POOL DEFAULT FLASH_CACHE DEFAULT CELL_FLASH_CACHE DEFAULT)
  TABLESPACE "DBLAB" ;
--------------------------------------------------------
--  DDL for Index RELATIONSHIP_21_FK
--------------------------------------------------------

  CREATE INDEX "DSTEVIC"."RELATIONSHIP_21_FK" ON "DSTEVIC"."RECHNUNG" ("PATIENTEN_ID") 
  PCTFREE 10 INITRANS 2 MAXTRANS 255 COMPUTE STATISTICS 
  STORAGE(INITIAL 65536 NEXT 1048576 MINEXTENTS 1 MAXEXTENTS 2147483645
  PCTINCREASE 0 FREELISTS 1 FREELIST GROUPS 1
  BUFFER_POOL DEFAULT FLASH_CACHE DEFAULT CELL_FLASH_CACHE DEFAULT)
  TABLESPACE "DBLAB" ;
--------------------------------------------------------
--  DDL for Index RELATIONSHIP_23_FK
--------------------------------------------------------

  CREATE INDEX "DSTEVIC"."RELATIONSHIP_23_FK" ON "DSTEVIC"."PATIENT" ("PATIENTENRAUM_ID") 
  PCTFREE 10 INITRANS 2 MAXTRANS 255 COMPUTE STATISTICS 
  STORAGE(INITIAL 65536 NEXT 1048576 MINEXTENTS 1 MAXEXTENTS 2147483645
  PCTINCREASE 0 FREELISTS 1 FREELIST GROUPS 1
  BUFFER_POOL DEFAULT FLASH_CACHE DEFAULT CELL_FLASH_CACHE DEFAULT)
  TABLESPACE "DBLAB" ;
--------------------------------------------------------
--  DDL for Index RELATIONSHIP_6_FK
--------------------------------------------------------

  CREATE INDEX "DSTEVIC"."RELATIONSHIP_6_FK" ON "DSTEVIC"."LAGERRAUM" ("STATIONS_ID") 
  PCTFREE 10 INITRANS 2 MAXTRANS 255 COMPUTE STATISTICS 
  STORAGE(INITIAL 65536 NEXT 1048576 MINEXTENTS 1 MAXEXTENTS 2147483645
  PCTINCREASE 0 FREELISTS 1 FREELIST GROUPS 1
  BUFFER_POOL DEFAULT FLASH_CACHE DEFAULT CELL_FLASH_CACHE DEFAULT)
  TABLESPACE "DBLAB" ;
--------------------------------------------------------
--  DDL for Index VERANLASST_FK
--------------------------------------------------------

  CREATE INDEX "DSTEVIC"."VERANLASST_FK" ON "DSTEVIC"."THERAPIE_DIAGNOSE" ("BEHANDLUNGS_ID") 
  PCTFREE 10 INITRANS 2 MAXTRANS 255 COMPUTE STATISTICS 
  STORAGE(INITIAL 65536 NEXT 1048576 MINEXTENTS 1 MAXEXTENTS 2147483645
  PCTINCREASE 0 FREELISTS 1 FREELIST GROUPS 1
  BUFFER_POOL DEFAULT FLASH_CACHE DEFAULT CELL_FLASH_CACHE DEFAULT)
  TABLESPACE "DBLAB" ;
--------------------------------------------------------
--  DDL for Index FUHRT_DURCH_FK3
--------------------------------------------------------

  CREATE INDEX "DSTEVIC"."FUHRT_DURCH_FK3" ON "DSTEVIC"."ARZT_THERAPIE" ("BEHANDLUNGS_ID") 
  PCTFREE 10 INITRANS 2 MAXTRANS 255 COMPUTE STATISTICS 
  STORAGE(INITIAL 65536 NEXT 1048576 MINEXTENTS 1 MAXEXTENTS 2147483645
  PCTINCREASE 0 FREELISTS 1 FREELIST GROUPS 1
  BUFFER_POOL DEFAULT FLASH_CACHE DEFAULT CELL_FLASH_CACHE DEFAULT)
  TABLESPACE "DBLAB" ;
--------------------------------------------------------
--  DDL for Index BASIERT_AUF_FK
--------------------------------------------------------

  CREATE INDEX "DSTEVIC"."BASIERT_AUF_FK" ON "DSTEVIC"."THERAPIE_DIAGNOSE" ("DIAGNOSE_ID") 
  PCTFREE 10 INITRANS 2 MAXTRANS 255 COMPUTE STATISTICS 
  STORAGE(INITIAL 65536 NEXT 1048576 MINEXTENTS 1 MAXEXTENTS 2147483645
  PCTINCREASE 0 FREELISTS 1 FREELIST GROUPS 1
  BUFFER_POOL DEFAULT FLASH_CACHE DEFAULT CELL_FLASH_CACHE DEFAULT)
  TABLESPACE "DBLAB" ;
--------------------------------------------------------
--  DDL for Index FUHRT_DURCH_FK2
--------------------------------------------------------

  CREATE INDEX "DSTEVIC"."FUHRT_DURCH_FK2" ON "DSTEVIC"."KRANKENPFLEGER_THERAPIE" ("BEHANDLUNGS_ID") 
  PCTFREE 10 INITRANS 2 MAXTRANS 255 COMPUTE STATISTICS 
  STORAGE(INITIAL 65536 NEXT 1048576 MINEXTENTS 1 MAXEXTENTS 2147483645
  PCTINCREASE 0 FREELISTS 1 FREELIST GROUPS 1
  BUFFER_POOL DEFAULT FLASH_CACHE DEFAULT CELL_FLASH_CACHE DEFAULT)
  TABLESPACE "DBLAB" ;
--------------------------------------------------------
--  DDL for Index GELEITET_VON_FK2
--------------------------------------------------------

  CREATE INDEX "DSTEVIC"."GELEITET_VON_FK2" ON "DSTEVIC"."STATION_ARZT" ("MITARBEITER_NR") 
  PCTFREE 10 INITRANS 2 MAXTRANS 255 COMPUTE STATISTICS 
  STORAGE(INITIAL 65536 NEXT 1048576 MINEXTENTS 1 MAXEXTENTS 2147483645
  PCTINCREASE 0 FREELISTS 1 FREELIST GROUPS 1
  BUFFER_POOL DEFAULT FLASH_CACHE DEFAULT CELL_FLASH_CACHE DEFAULT)
  TABLESPACE "DBLAB" ;
--------------------------------------------------------
--  DDL for Index DURCHGEFUHRT_VON_FK
--------------------------------------------------------

  CREATE INDEX "DSTEVIC"."DURCHGEFUHRT_VON_FK" ON "DSTEVIC"."KRANKENPFLEGER_THERAPIE" ("MITARBEITER_NR") 
  PCTFREE 10 INITRANS 2 MAXTRANS 255 COMPUTE STATISTICS 
  STORAGE(INITIAL 65536 NEXT 1048576 MINEXTENTS 1 MAXEXTENTS 2147483645
  PCTINCREASE 0 FREELISTS 1 FREELIST GROUPS 1
  BUFFER_POOL DEFAULT FLASH_CACHE DEFAULT CELL_FLASH_CACHE DEFAULT)
  TABLESPACE "DBLAB" ;
--------------------------------------------------------
--  DDL for Index RELATIONSHIP_7_FK
--------------------------------------------------------

  CREATE INDEX "DSTEVIC"."RELATIONSHIP_7_FK" ON "DSTEVIC"."STATION" ("KRANKENHAUS_ID") 
  PCTFREE 10 INITRANS 2 MAXTRANS 255 COMPUTE STATISTICS 
  STORAGE(INITIAL 65536 NEXT 1048576 MINEXTENTS 1 MAXEXTENTS 2147483645
  PCTINCREASE 0 FREELISTS 1 FREELIST GROUPS 1
  BUFFER_POOL DEFAULT FLASH_CACHE DEFAULT CELL_FLASH_CACHE DEFAULT)
  TABLESPACE "DBLAB" ;
--------------------------------------------------------
--  DDL for Index VERANLASST_FK2
--------------------------------------------------------

  CREATE INDEX "DSTEVIC"."VERANLASST_FK2" ON "DSTEVIC"."OPERATION_DIAGNOSE" ("BEHANDLUNGS_ID") 
  PCTFREE 10 INITRANS 2 MAXTRANS 255 COMPUTE STATISTICS 
  STORAGE(INITIAL 65536 NEXT 1048576 MINEXTENTS 1 MAXEXTENTS 2147483645
  PCTINCREASE 0 FREELISTS 1 FREELIST GROUPS 1
  BUFFER_POOL DEFAULT FLASH_CACHE DEFAULT CELL_FLASH_CACHE DEFAULT)
  TABLESPACE "DBLAB" ;
--------------------------------------------------------
--  DDL for Index RELATIONSHIP_16_FK
--------------------------------------------------------

  CREATE INDEX "DSTEVIC"."RELATIONSHIP_16_FK" ON "DSTEVIC"."OPERATION" ("OPERATIONSSAAL_ID") 
  PCTFREE 10 INITRANS 2 MAXTRANS 255 COMPUTE STATISTICS 
  STORAGE(INITIAL 65536 NEXT 1048576 MINEXTENTS 1 MAXEXTENTS 2147483645
  PCTINCREASE 0 FREELISTS 1 FREELIST GROUPS 1
  BUFFER_POOL DEFAULT FLASH_CACHE DEFAULT CELL_FLASH_CACHE DEFAULT)
  TABLESPACE "DBLAB" ;
--------------------------------------------------------
--  DDL for Index FUHRT_DURCH_FK5
--------------------------------------------------------

  CREATE INDEX "DSTEVIC"."FUHRT_DURCH_FK5" ON "DSTEVIC"."KRANKENPFLEGER_ARZT" ("BEHANDLUNGS_ID") 
  PCTFREE 10 INITRANS 2 MAXTRANS 255 COMPUTE STATISTICS 
  STORAGE(INITIAL 65536 NEXT 1048576 MINEXTENTS 1 MAXEXTENTS 2147483645
  PCTINCREASE 0 FREELISTS 1 FREELIST GROUPS 1
  BUFFER_POOL DEFAULT FLASH_CACHE DEFAULT CELL_FLASH_CACHE DEFAULT)
  TABLESPACE "DBLAB" ;
--------------------------------------------------------
--  DDL for Index RELATIONSHIP_8_FK2
--------------------------------------------------------

  CREATE INDEX "DSTEVIC"."RELATIONSHIP_8_FK2" ON "DSTEVIC"."ARZT" ("KRANKENHAUS_ID") 
  PCTFREE 10 INITRANS 2 MAXTRANS 255 COMPUTE STATISTICS 
  STORAGE(INITIAL 65536 NEXT 1048576 MINEXTENTS 1 MAXEXTENTS 2147483645
  PCTINCREASE 0 FREELISTS 1 FREELIST GROUPS 1
  BUFFER_POOL DEFAULT FLASH_CACHE DEFAULT CELL_FLASH_CACHE DEFAULT)
  TABLESPACE "DBLAB" ;
--------------------------------------------------------
--  DDL for Index GELEITET_VON_FK
--------------------------------------------------------

  CREATE INDEX "DSTEVIC"."GELEITET_VON_FK" ON "DSTEVIC"."STATION_KRANKENPFLEGER" ("MITARBEITER_NR") 
  PCTFREE 10 INITRANS 2 MAXTRANS 255 COMPUTE STATISTICS 
  STORAGE(INITIAL 65536 NEXT 1048576 MINEXTENTS 1 MAXEXTENTS 2147483645
  PCTINCREASE 0 FREELISTS 1 FREELIST GROUPS 1
  BUFFER_POOL DEFAULT FLASH_CACHE DEFAULT CELL_FLASH_CACHE DEFAULT)
  TABLESPACE "DBLAB" ;
--------------------------------------------------------
--  DDL for Index VERSICHERT_FK
--------------------------------------------------------

  CREATE INDEX "DSTEVIC"."VERSICHERT_FK" ON "DSTEVIC"."PATIENT_VERSICHERUNG" ("PATIENTEN_ID") 
  PCTFREE 10 INITRANS 2 MAXTRANS 255 COMPUTE STATISTICS 
  STORAGE(INITIAL 65536 NEXT 1048576 MINEXTENTS 1 MAXEXTENTS 2147483645
  PCTINCREASE 0 FREELISTS 1 FREELIST GROUPS 1
  BUFFER_POOL DEFAULT FLASH_CACHE DEFAULT CELL_FLASH_CACHE DEFAULT)
  TABLESPACE "DBLAB" ;
--------------------------------------------------------
--  DDL for Index BASIERT_AUF_FK2
--------------------------------------------------------

  CREATE INDEX "DSTEVIC"."BASIERT_AUF_FK2" ON "DSTEVIC"."OPERATION_DIAGNOSE" ("DIAGNOSE_ID") 
  PCTFREE 10 INITRANS 2 MAXTRANS 255 COMPUTE STATISTICS 
  STORAGE(INITIAL 65536 NEXT 1048576 MINEXTENTS 1 MAXEXTENTS 2147483645
  PCTINCREASE 0 FREELISTS 1 FREELIST GROUPS 1
  BUFFER_POOL DEFAULT FLASH_CACHE DEFAULT CELL_FLASH_CACHE DEFAULT)
  TABLESPACE "DBLAB" ;
--------------------------------------------------------
--  DDL for Index ZUGEORDNET_FK2
--------------------------------------------------------

  CREATE INDEX "DSTEVIC"."ZUGEORDNET_FK2" ON "DSTEVIC"."STATION_ARZT" ("STATIONS_ID") 
  PCTFREE 10 INITRANS 2 MAXTRANS 255 COMPUTE STATISTICS 
  STORAGE(INITIAL 65536 NEXT 1048576 MINEXTENTS 1 MAXEXTENTS 2147483645
  PCTINCREASE 0 FREELISTS 1 FREELIST GROUPS 1
  BUFFER_POOL DEFAULT FLASH_CACHE DEFAULT CELL_FLASH_CACHE DEFAULT)
  TABLESPACE "DBLAB" ;
--------------------------------------------------------
--  DDL for Trigger MEDIKAMENT_TRG
--------------------------------------------------------

  CREATE OR REPLACE EDITIONABLE TRIGGER "DSTEVIC"."MEDIKAMENT_TRG" 
BEFORE INSERT ON MEDIKAMENT 
FOR EACH ROW 
BEGIN
  <<COLUMN_SEQUENCES>>
  BEGIN
    NULL;
  END COLUMN_SEQUENCES;
END;
/
ALTER TRIGGER "DSTEVIC"."MEDIKAMENT_TRG" ENABLE;
--------------------------------------------------------
--  Constraints for Table PATIENT_VERSICHERUNG
--------------------------------------------------------

  ALTER TABLE "DSTEVIC"."PATIENT_VERSICHERUNG" MODIFY ("BETRIEBSNUMMER" NOT NULL ENABLE);
  ALTER TABLE "DSTEVIC"."PATIENT_VERSICHERUNG" MODIFY ("PATIENTEN_ID" NOT NULL ENABLE);
  ALTER TABLE "DSTEVIC"."PATIENT_VERSICHERUNG" ADD CONSTRAINT "PK_PATIENT_VERSICHERUNG" PRIMARY KEY ("BETRIEBSNUMMER", "PATIENTEN_ID")
  USING INDEX PCTFREE 10 INITRANS 2 MAXTRANS 255 COMPUTE STATISTICS 
  STORAGE(INITIAL 65536 NEXT 1048576 MINEXTENTS 1 MAXEXTENTS 2147483645
  PCTINCREASE 0 FREELISTS 1 FREELIST GROUPS 1
  BUFFER_POOL DEFAULT FLASH_CACHE DEFAULT CELL_FLASH_CACHE DEFAULT)
  TABLESPACE "DBLAB"  ENABLE;
--------------------------------------------------------
--  Constraints for Table OPERATION
--------------------------------------------------------

  ALTER TABLE "DSTEVIC"."OPERATION" ADD CONSTRAINT "CKC_BEHANDLUNGS_ID_OPERATIO" CHECK (BEHANDLUNGS_ID >= 1) ENABLE;
  ALTER TABLE "DSTEVIC"."OPERATION" ADD CONSTRAINT "PK_OPERATION" PRIMARY KEY ("BEHANDLUNGS_ID")
  USING INDEX PCTFREE 10 INITRANS 2 MAXTRANS 255 COMPUTE STATISTICS 
  STORAGE(INITIAL 65536 NEXT 1048576 MINEXTENTS 1 MAXEXTENTS 2147483645
  PCTINCREASE 0 FREELISTS 1 FREELIST GROUPS 1
  BUFFER_POOL DEFAULT FLASH_CACHE DEFAULT CELL_FLASH_CACHE DEFAULT)
  TABLESPACE "DBLAB"  ENABLE;
  ALTER TABLE "DSTEVIC"."OPERATION" MODIFY ("ENDZEIT" NOT NULL ENABLE);
  ALTER TABLE "DSTEVIC"."OPERATION" MODIFY ("FACHRICHTUNG" NOT NULL ENABLE);
  ALTER TABLE "DSTEVIC"."OPERATION" MODIFY ("BEHANDLUNGS_ID" NOT NULL ENABLE);
  ALTER TABLE "DSTEVIC"."OPERATION" MODIFY ("OPERATIONSSAAL_ID" NOT NULL ENABLE);
  ALTER TABLE "DSTEVIC"."OPERATION" MODIFY ("BEZEICHNUNG" NOT NULL ENABLE);
  ALTER TABLE "DSTEVIC"."OPERATION" MODIFY ("STARTZEIT" NOT NULL ENABLE);
--------------------------------------------------------
--  Constraints for Table THERAPIE
--------------------------------------------------------

  ALTER TABLE "DSTEVIC"."THERAPIE" MODIFY ("BEHANDLUNGS_ID" NOT NULL ENABLE);
  ALTER TABLE "DSTEVIC"."THERAPIE" MODIFY ("STARTZEITPUNKT" NOT NULL ENABLE);
  ALTER TABLE "DSTEVIC"."THERAPIE" MODIFY ("BERECHTIGUNGSSTUFE" NOT NULL ENABLE);
  ALTER TABLE "DSTEVIC"."THERAPIE" MODIFY ("BEZEICHNUNG" NOT NULL ENABLE);
  ALTER TABLE "DSTEVIC"."THERAPIE" ADD CONSTRAINT "CKC_BEHANDLUNGS_ID_THERAPIE" CHECK (BEHANDLUNGS_ID >= 1) ENABLE;
  ALTER TABLE "DSTEVIC"."THERAPIE" ADD CONSTRAINT "PK_THERAPIE" PRIMARY KEY ("BEHANDLUNGS_ID")
  USING INDEX PCTFREE 10 INITRANS 2 MAXTRANS 255 COMPUTE STATISTICS 
  STORAGE(INITIAL 65536 NEXT 1048576 MINEXTENTS 1 MAXEXTENTS 2147483645
  PCTINCREASE 0 FREELISTS 1 FREELIST GROUPS 1
  BUFFER_POOL DEFAULT FLASH_CACHE DEFAULT CELL_FLASH_CACHE DEFAULT)
  TABLESPACE "DBLAB"  ENABLE;
  ALTER TABLE "DSTEVIC"."THERAPIE" MODIFY ("ENDZEITPUNKT" NOT NULL ENABLE);
--------------------------------------------------------
--  Constraints for Table VERSICHERUNG
--------------------------------------------------------

  ALTER TABLE "DSTEVIC"."VERSICHERUNG" MODIFY ("VERSICHERUNGSNAME" NOT NULL ENABLE);
  ALTER TABLE "DSTEVIC"."VERSICHERUNG" ADD CONSTRAINT "PK_VERSICHERUNG" PRIMARY KEY ("BETRIEBSNUMMER")
  USING INDEX PCTFREE 10 INITRANS 2 MAXTRANS 255 COMPUTE STATISTICS 
  STORAGE(INITIAL 65536 NEXT 1048576 MINEXTENTS 1 MAXEXTENTS 2147483645
  PCTINCREASE 0 FREELISTS 1 FREELIST GROUPS 1
  BUFFER_POOL DEFAULT FLASH_CACHE DEFAULT CELL_FLASH_CACHE DEFAULT)
  TABLESPACE "DBLAB"  ENABLE;
  ALTER TABLE "DSTEVIC"."VERSICHERUNG" MODIFY ("BETRIEBSNUMMER" NOT NULL ENABLE);
--------------------------------------------------------
--  Constraints for Table KRANKENPFLEGER
--------------------------------------------------------

  ALTER TABLE "DSTEVIC"."KRANKENPFLEGER" MODIFY ("MITARBEITER_NR" NOT NULL ENABLE);
  ALTER TABLE "DSTEVIC"."KRANKENPFLEGER" MODIFY ("KRANKENHAUS_ID" NOT NULL ENABLE);
  ALTER TABLE "DSTEVIC"."KRANKENPFLEGER" MODIFY ("NAME" NOT NULL ENABLE);
  ALTER TABLE "DSTEVIC"."KRANKENPFLEGER" MODIFY ("VORNAME" NOT NULL ENABLE);
  ALTER TABLE "DSTEVIC"."KRANKENPFLEGER" MODIFY ("ARBEITSBEGINN" NOT NULL ENABLE);
  ALTER TABLE "DSTEVIC"."KRANKENPFLEGER" MODIFY ("ARBEITSENDE" NOT NULL ENABLE);
  ALTER TABLE "DSTEVIC"."KRANKENPFLEGER" MODIFY ("QUALIFIKATIONEN" NOT NULL ENABLE);
  ALTER TABLE "DSTEVIC"."KRANKENPFLEGER" MODIFY ("BERECHTIGUNGEN" NOT NULL ENABLE);
  ALTER TABLE "DSTEVIC"."KRANKENPFLEGER" ADD CONSTRAINT "CKC_MITARBEITER_NR_KRANKENP" CHECK (MITARBEITER_NR >= 1) ENABLE;
  ALTER TABLE "DSTEVIC"."KRANKENPFLEGER" ADD CONSTRAINT "PK_KRANKENPFLEGER" PRIMARY KEY ("MITARBEITER_NR")
  USING INDEX PCTFREE 10 INITRANS 2 MAXTRANS 255 COMPUTE STATISTICS 
  STORAGE(INITIAL 65536 NEXT 1048576 MINEXTENTS 1 MAXEXTENTS 2147483645
  PCTINCREASE 0 FREELISTS 1 FREELIST GROUPS 1
  BUFFER_POOL DEFAULT FLASH_CACHE DEFAULT CELL_FLASH_CACHE DEFAULT)
  TABLESPACE "DBLAB"  ENABLE;
--------------------------------------------------------
--  Constraints for Table STATION
--------------------------------------------------------

  ALTER TABLE "DSTEVIC"."STATION" MODIFY ("STATIONS_NAME" NOT NULL ENABLE);
  ALTER TABLE "DSTEVIC"."STATION" MODIFY ("KRANKENHAUS_ID" NOT NULL ENABLE);
  ALTER TABLE "DSTEVIC"."STATION" MODIFY ("NOTFALLSTATION" NOT NULL ENABLE);
  ALTER TABLE "DSTEVIC"."STATION" ADD CONSTRAINT "CKC_NOTFALLSTATION_STATION" CHECK (NOTFALLSTATION between 0 and 1) ENABLE;
  ALTER TABLE "DSTEVIC"."STATION" MODIFY ("STATIONS_ID" NOT NULL ENABLE);
  ALTER TABLE "DSTEVIC"."STATION" ADD CONSTRAINT "PK_STATION" PRIMARY KEY ("STATIONS_ID")
  USING INDEX PCTFREE 10 INITRANS 2 MAXTRANS 255 COMPUTE STATISTICS 
  STORAGE(INITIAL 65536 NEXT 1048576 MINEXTENTS 1 MAXEXTENTS 2147483645
  PCTINCREASE 0 FREELISTS 1 FREELIST GROUPS 1
  BUFFER_POOL DEFAULT FLASH_CACHE DEFAULT CELL_FLASH_CACHE DEFAULT)
  TABLESPACE "DBLAB"  ENABLE;
--------------------------------------------------------
--  Constraints for Table ARZT
--------------------------------------------------------

  ALTER TABLE "DSTEVIC"."ARZT" MODIFY ("MITARBEITER_NR" NOT NULL ENABLE);
  ALTER TABLE "DSTEVIC"."ARZT" MODIFY ("KRANKENHAUS_ID" NOT NULL ENABLE);
  ALTER TABLE "DSTEVIC"."ARZT" MODIFY ("NAME" NOT NULL ENABLE);
  ALTER TABLE "DSTEVIC"."ARZT" MODIFY ("VORNAME" NOT NULL ENABLE);
  ALTER TABLE "DSTEVIC"."ARZT" MODIFY ("ARBEITSBEGINN" NOT NULL ENABLE);
  ALTER TABLE "DSTEVIC"."ARZT" MODIFY ("ARBEITSENDE" NOT NULL ENABLE);
  ALTER TABLE "DSTEVIC"."ARZT" MODIFY ("FACHRICHTUNG" NOT NULL ENABLE);
  ALTER TABLE "DSTEVIC"."ARZT" MODIFY ("POSITION" NOT NULL ENABLE);
  ALTER TABLE "DSTEVIC"."ARZT" ADD CONSTRAINT "CKC_MITARBEITER_NR_ARZT" CHECK (MITARBEITER_NR >= 1) ENABLE;
  ALTER TABLE "DSTEVIC"."ARZT" ADD CONSTRAINT "PK_ARZT" PRIMARY KEY ("MITARBEITER_NR")
  USING INDEX PCTFREE 10 INITRANS 2 MAXTRANS 255 COMPUTE STATISTICS 
  STORAGE(INITIAL 65536 NEXT 1048576 MINEXTENTS 1 MAXEXTENTS 2147483645
  PCTINCREASE 0 FREELISTS 1 FREELIST GROUPS 1
  BUFFER_POOL DEFAULT FLASH_CACHE DEFAULT CELL_FLASH_CACHE DEFAULT)
  TABLESPACE "DBLAB"  ENABLE;
--------------------------------------------------------
--  Constraints for Table ARZT_OPERATION
--------------------------------------------------------

  ALTER TABLE "DSTEVIC"."ARZT_OPERATION" MODIFY ("BEHANDLUNGS_ID" NOT NULL ENABLE);
  ALTER TABLE "DSTEVIC"."ARZT_OPERATION" MODIFY ("MITARBEITER_NR" NOT NULL ENABLE);
  ALTER TABLE "DSTEVIC"."ARZT_OPERATION" ADD CONSTRAINT "PK_ARZT_OPERATION" PRIMARY KEY ("BEHANDLUNGS_ID", "MITARBEITER_NR")
  USING INDEX PCTFREE 10 INITRANS 2 MAXTRANS 255 COMPUTE STATISTICS 
  STORAGE(INITIAL 65536 NEXT 1048576 MINEXTENTS 1 MAXEXTENTS 2147483645
  PCTINCREASE 0 FREELISTS 1 FREELIST GROUPS 1
  BUFFER_POOL DEFAULT FLASH_CACHE DEFAULT CELL_FLASH_CACHE DEFAULT)
  TABLESPACE "DBLAB"  ENABLE;
--------------------------------------------------------
--  Constraints for Table MEDIKAMENT
--------------------------------------------------------

  ALTER TABLE "DSTEVIC"."MEDIKAMENT" MODIFY ("MEDIKAMENTEN_NR" NOT NULL ENABLE);
  ALTER TABLE "DSTEVIC"."MEDIKAMENT" ADD CONSTRAINT "PK_MEDIKAMENT" PRIMARY KEY ("MEDIKAMENTEN_NR")
  USING INDEX PCTFREE 10 INITRANS 2 MAXTRANS 255 COMPUTE STATISTICS 
  STORAGE(INITIAL 65536 NEXT 1048576 MINEXTENTS 1 MAXEXTENTS 2147483645
  PCTINCREASE 0 FREELISTS 1 FREELIST GROUPS 1
  BUFFER_POOL DEFAULT FLASH_CACHE DEFAULT CELL_FLASH_CACHE DEFAULT)
  TABLESPACE "DBLAB"  ENABLE;
  ALTER TABLE "DSTEVIC"."MEDIKAMENT" MODIFY ("LAGERRAUM_ID" NOT NULL ENABLE);
  ALTER TABLE "DSTEVIC"."MEDIKAMENT" MODIFY ("NAME" NOT NULL ENABLE);
  ALTER TABLE "DSTEVIC"."MEDIKAMENT" MODIFY ("BESTELLSTATUS" NOT NULL ENABLE);
  ALTER TABLE "DSTEVIC"."MEDIKAMENT" ADD CONSTRAINT "CKC_BESTELLSTATUS_MEDIKAME" CHECK (BESTELLSTATUS between 0 and 1) ENABLE;
--------------------------------------------------------
--  Constraints for Table KRANKENHAUS
--------------------------------------------------------

  ALTER TABLE "DSTEVIC"."KRANKENHAUS" MODIFY ("STADT" NOT NULL ENABLE);
  ALTER TABLE "DSTEVIC"."KRANKENHAUS" MODIFY ("NAME" NOT NULL ENABLE);
  ALTER TABLE "DSTEVIC"."KRANKENHAUS" MODIFY ("KRANKENHAUS_ID" NOT NULL ENABLE);
  ALTER TABLE "DSTEVIC"."KRANKENHAUS" MODIFY ("ADRESSE" NOT NULL ENABLE);
  ALTER TABLE "DSTEVIC"."KRANKENHAUS" ADD CONSTRAINT "CKC_KRANKENHAUS_ID_KRANKENH" CHECK (KRANKENHAUS_ID between 1 and 5) ENABLE;
  ALTER TABLE "DSTEVIC"."KRANKENHAUS" ADD CONSTRAINT "PK_KRANKENHAUS" PRIMARY KEY ("KRANKENHAUS_ID")
  USING INDEX PCTFREE 10 INITRANS 2 MAXTRANS 255 COMPUTE STATISTICS 
  STORAGE(INITIAL 65536 NEXT 1048576 MINEXTENTS 1 MAXEXTENTS 2147483645
  PCTINCREASE 0 FREELISTS 1 FREELIST GROUPS 1
  BUFFER_POOL DEFAULT FLASH_CACHE DEFAULT CELL_FLASH_CACHE DEFAULT)
  TABLESPACE "DBLAB"  ENABLE;
--------------------------------------------------------
--  Constraints for Table KRANKENPFLEGER_ARZT
--------------------------------------------------------

  ALTER TABLE "DSTEVIC"."KRANKENPFLEGER_ARZT" MODIFY ("BEHANDLUNGS_ID" NOT NULL ENABLE);
  ALTER TABLE "DSTEVIC"."KRANKENPFLEGER_ARZT" MODIFY ("MITARBEITER_NR" NOT NULL ENABLE);
  ALTER TABLE "DSTEVIC"."KRANKENPFLEGER_ARZT" ADD CONSTRAINT "PK_KRANKENPFLEGER_ARZT" PRIMARY KEY ("BEHANDLUNGS_ID", "MITARBEITER_NR")
  USING INDEX PCTFREE 10 INITRANS 2 MAXTRANS 255 COMPUTE STATISTICS 
  STORAGE(INITIAL 65536 NEXT 1048576 MINEXTENTS 1 MAXEXTENTS 2147483645
  PCTINCREASE 0 FREELISTS 1 FREELIST GROUPS 1
  BUFFER_POOL DEFAULT FLASH_CACHE DEFAULT CELL_FLASH_CACHE DEFAULT)
  TABLESPACE "DBLAB"  ENABLE;
--------------------------------------------------------
--  Constraints for Table STATION_ARZT
--------------------------------------------------------

  ALTER TABLE "DSTEVIC"."STATION_ARZT" MODIFY ("MITARBEITER_NR" NOT NULL ENABLE);
  ALTER TABLE "DSTEVIC"."STATION_ARZT" ADD CONSTRAINT "PK_STATION_ARZT" PRIMARY KEY ("MITARBEITER_NR", "STATIONS_ID")
  USING INDEX PCTFREE 10 INITRANS 2 MAXTRANS 255 COMPUTE STATISTICS 
  STORAGE(INITIAL 65536 NEXT 1048576 MINEXTENTS 1 MAXEXTENTS 2147483645
  PCTINCREASE 0 FREELISTS 1 FREELIST GROUPS 1
  BUFFER_POOL DEFAULT FLASH_CACHE DEFAULT CELL_FLASH_CACHE DEFAULT)
  TABLESPACE "DBLAB"  ENABLE;
  ALTER TABLE "DSTEVIC"."STATION_ARZT" MODIFY ("STATIONS_ID" NOT NULL ENABLE);
--------------------------------------------------------
--  Constraints for Table ARZT_THERAPIE
--------------------------------------------------------

  ALTER TABLE "DSTEVIC"."ARZT_THERAPIE" MODIFY ("BEHANDLUNGS_ID" NOT NULL ENABLE);
  ALTER TABLE "DSTEVIC"."ARZT_THERAPIE" MODIFY ("MITARBEITER_NR" NOT NULL ENABLE);
  ALTER TABLE "DSTEVIC"."ARZT_THERAPIE" ADD CONSTRAINT "PK_ARZT_THERAPIE" PRIMARY KEY ("BEHANDLUNGS_ID", "MITARBEITER_NR")
  USING INDEX PCTFREE 10 INITRANS 2 MAXTRANS 255 COMPUTE STATISTICS 
  STORAGE(INITIAL 65536 NEXT 1048576 MINEXTENTS 1 MAXEXTENTS 2147483645
  PCTINCREASE 0 FREELISTS 1 FREELIST GROUPS 1
  BUFFER_POOL DEFAULT FLASH_CACHE DEFAULT CELL_FLASH_CACHE DEFAULT)
  TABLESPACE "DBLAB"  ENABLE;
--------------------------------------------------------
--  Constraints for Table THERAPIE_DIAGNOSE
--------------------------------------------------------

  ALTER TABLE "DSTEVIC"."THERAPIE_DIAGNOSE" MODIFY ("BEHANDLUNGS_ID" NOT NULL ENABLE);
  ALTER TABLE "DSTEVIC"."THERAPIE_DIAGNOSE" MODIFY ("DIAGNOSE_ID" NOT NULL ENABLE);
  ALTER TABLE "DSTEVIC"."THERAPIE_DIAGNOSE" ADD CONSTRAINT "PK_THERAPIE_DIAGNOSE" PRIMARY KEY ("BEHANDLUNGS_ID", "DIAGNOSE_ID")
  USING INDEX PCTFREE 10 INITRANS 2 MAXTRANS 255 COMPUTE STATISTICS 
  STORAGE(INITIAL 65536 NEXT 1048576 MINEXTENTS 1 MAXEXTENTS 2147483645
  PCTINCREASE 0 FREELISTS 1 FREELIST GROUPS 1
  BUFFER_POOL DEFAULT FLASH_CACHE DEFAULT CELL_FLASH_CACHE DEFAULT)
  TABLESPACE "DBLAB"  ENABLE;
--------------------------------------------------------
--  Constraints for Table PATIENTENRAUM
--------------------------------------------------------

  ALTER TABLE "DSTEVIC"."PATIENTENRAUM" MODIFY ("STATIONS_ID" NOT NULL ENABLE);
  ALTER TABLE "DSTEVIC"."PATIENTENRAUM" MODIFY ("RAUM_NR" NOT NULL ENABLE);
  ALTER TABLE "DSTEVIC"."PATIENTENRAUM" MODIFY ("BETTKAPAZITAET" NOT NULL ENABLE);
  ALTER TABLE "DSTEVIC"."PATIENTENRAUM" ADD CONSTRAINT "PK_PATIENTENRAUM" PRIMARY KEY ("PATIENTENRAUM_ID")
  USING INDEX PCTFREE 10 INITRANS 2 MAXTRANS 255 COMPUTE STATISTICS 
  STORAGE(INITIAL 65536 NEXT 1048576 MINEXTENTS 1 MAXEXTENTS 2147483645
  PCTINCREASE 0 FREELISTS 1 FREELIST GROUPS 1
  BUFFER_POOL DEFAULT FLASH_CACHE DEFAULT CELL_FLASH_CACHE DEFAULT)
  TABLESPACE "DBLAB"  ENABLE;
  ALTER TABLE "DSTEVIC"."PATIENTENRAUM" MODIFY ("PATIENTENRAUM_ID" NOT NULL ENABLE);
--------------------------------------------------------
--  Constraints for Table OPERATION_DIAGNOSE
--------------------------------------------------------

  ALTER TABLE "DSTEVIC"."OPERATION_DIAGNOSE" MODIFY ("BEHANDLUNGS_ID" NOT NULL ENABLE);
  ALTER TABLE "DSTEVIC"."OPERATION_DIAGNOSE" MODIFY ("DIAGNOSE_ID" NOT NULL ENABLE);
  ALTER TABLE "DSTEVIC"."OPERATION_DIAGNOSE" ADD CONSTRAINT "PK_OPERATION_DIAGNOSE" PRIMARY KEY ("BEHANDLUNGS_ID", "DIAGNOSE_ID")
  USING INDEX PCTFREE 10 INITRANS 2 MAXTRANS 255 COMPUTE STATISTICS 
  STORAGE(INITIAL 65536 NEXT 1048576 MINEXTENTS 1 MAXEXTENTS 2147483645
  PCTINCREASE 0 FREELISTS 1 FREELIST GROUPS 1
  BUFFER_POOL DEFAULT FLASH_CACHE DEFAULT CELL_FLASH_CACHE DEFAULT)
  TABLESPACE "DBLAB"  ENABLE;
--------------------------------------------------------
--  Constraints for Table STATION_KRANKENPFLEGER
--------------------------------------------------------

  ALTER TABLE "DSTEVIC"."STATION_KRANKENPFLEGER" MODIFY ("MITARBEITER_NR" NOT NULL ENABLE);
  ALTER TABLE "DSTEVIC"."STATION_KRANKENPFLEGER" ADD CONSTRAINT "PK_STATION_KRANKENPFLEGER" PRIMARY KEY ("MITARBEITER_NR", "STATIONS_ID")
  USING INDEX PCTFREE 10 INITRANS 2 MAXTRANS 255 COMPUTE STATISTICS 
  STORAGE(INITIAL 65536 NEXT 1048576 MINEXTENTS 1 MAXEXTENTS 2147483645
  PCTINCREASE 0 FREELISTS 1 FREELIST GROUPS 1
  BUFFER_POOL DEFAULT FLASH_CACHE DEFAULT CELL_FLASH_CACHE DEFAULT)
  TABLESPACE "DBLAB"  ENABLE;
  ALTER TABLE "DSTEVIC"."STATION_KRANKENPFLEGER" MODIFY ("STATIONS_ID" NOT NULL ENABLE);
--------------------------------------------------------
--  Constraints for Table OPERATIONSSAAL
--------------------------------------------------------

  ALTER TABLE "DSTEVIC"."OPERATIONSSAAL" MODIFY ("RAUM_NR" NOT NULL ENABLE);
  ALTER TABLE "DSTEVIC"."OPERATIONSSAAL" MODIFY ("STATIONS_ID" NOT NULL ENABLE);
  ALTER TABLE "DSTEVIC"."OPERATIONSSAAL" MODIFY ("PERSONENKAPAZITAET" NOT NULL ENABLE);
  ALTER TABLE "DSTEVIC"."OPERATIONSSAAL" ADD CONSTRAINT "PK_OPERATIONSSAAL" PRIMARY KEY ("OPERATIONSSAAL_ID")
  USING INDEX PCTFREE 10 INITRANS 2 MAXTRANS 255 COMPUTE STATISTICS 
  STORAGE(INITIAL 65536 NEXT 1048576 MINEXTENTS 1 MAXEXTENTS 2147483645
  PCTINCREASE 0 FREELISTS 1 FREELIST GROUPS 1
  BUFFER_POOL DEFAULT FLASH_CACHE DEFAULT CELL_FLASH_CACHE DEFAULT)
  TABLESPACE "DBLAB"  ENABLE;
  ALTER TABLE "DSTEVIC"."OPERATIONSSAAL" MODIFY ("OPERATIONSSAAL_ID" NOT NULL ENABLE);
--------------------------------------------------------
--  Constraints for Table DIAGNOSE
--------------------------------------------------------

  ALTER TABLE "DSTEVIC"."DIAGNOSE" MODIFY ("PATIENTEN_ID" NOT NULL ENABLE);
  ALTER TABLE "DSTEVIC"."DIAGNOSE" MODIFY ("DIAGNOSE_ID" NOT NULL ENABLE);
  ALTER TABLE "DSTEVIC"."DIAGNOSE" MODIFY ("MITARBEITER_NR" NOT NULL ENABLE);
  ALTER TABLE "DSTEVIC"."DIAGNOSE" MODIFY ("DIAGNOSE_DATUM" NOT NULL ENABLE);
  ALTER TABLE "DSTEVIC"."DIAGNOSE" MODIFY ("BESCHREIBUNG" NOT NULL ENABLE);
  ALTER TABLE "DSTEVIC"."DIAGNOSE" MODIFY ("STATUS" NOT NULL ENABLE);
  ALTER TABLE "DSTEVIC"."DIAGNOSE" ADD CONSTRAINT "CKC_DIAGNOSE_ID_DIAGNOSE" CHECK (DIAGNOSE_ID >= 1) ENABLE;
  ALTER TABLE "DSTEVIC"."DIAGNOSE" ADD CONSTRAINT "CKC_STATUS_DIAGNOSE" CHECK (STATUS between 0 and 1) ENABLE;
  ALTER TABLE "DSTEVIC"."DIAGNOSE" ADD CONSTRAINT "PK_DIAGNOSE" PRIMARY KEY ("DIAGNOSE_ID")
  USING INDEX PCTFREE 10 INITRANS 2 MAXTRANS 255 COMPUTE STATISTICS 
  STORAGE(INITIAL 65536 NEXT 1048576 MINEXTENTS 1 MAXEXTENTS 2147483645
  PCTINCREASE 0 FREELISTS 1 FREELIST GROUPS 1
  BUFFER_POOL DEFAULT FLASH_CACHE DEFAULT CELL_FLASH_CACHE DEFAULT)
  TABLESPACE "DBLAB"  ENABLE;
--------------------------------------------------------
--  Constraints for Table LAGERRAUM
--------------------------------------------------------

  ALTER TABLE "DSTEVIC"."LAGERRAUM" MODIFY ("STATIONS_ID" NOT NULL ENABLE);
  ALTER TABLE "DSTEVIC"."LAGERRAUM" MODIFY ("LAGERRAUM_ID" NOT NULL ENABLE);
  ALTER TABLE "DSTEVIC"."LAGERRAUM" ADD CONSTRAINT "PK_LAGERRAUM" PRIMARY KEY ("LAGERRAUM_ID")
  USING INDEX PCTFREE 10 INITRANS 2 MAXTRANS 255 COMPUTE STATISTICS 
  STORAGE(INITIAL 65536 NEXT 1048576 MINEXTENTS 1 MAXEXTENTS 2147483645
  PCTINCREASE 0 FREELISTS 1 FREELIST GROUPS 1
  BUFFER_POOL DEFAULT FLASH_CACHE DEFAULT CELL_FLASH_CACHE DEFAULT)
  TABLESPACE "DBLAB"  ENABLE;
  ALTER TABLE "DSTEVIC"."LAGERRAUM" MODIFY ("RAUM_NR" NOT NULL ENABLE);
  ALTER TABLE "DSTEVIC"."LAGERRAUM" MODIFY ("LAGERKAPAZITAET" NOT NULL ENABLE);
--------------------------------------------------------
--  Constraints for Table KRANKENPFLEGER_THERAPIE
--------------------------------------------------------

  ALTER TABLE "DSTEVIC"."KRANKENPFLEGER_THERAPIE" MODIFY ("BEHANDLUNGS_ID" NOT NULL ENABLE);
  ALTER TABLE "DSTEVIC"."KRANKENPFLEGER_THERAPIE" MODIFY ("MITARBEITER_NR" NOT NULL ENABLE);
  ALTER TABLE "DSTEVIC"."KRANKENPFLEGER_THERAPIE" ADD CONSTRAINT "PK_KRANKENPFLEGER_THERAPIE" PRIMARY KEY ("BEHANDLUNGS_ID", "MITARBEITER_NR")
  USING INDEX PCTFREE 10 INITRANS 2 MAXTRANS 255 COMPUTE STATISTICS 
  STORAGE(INITIAL 65536 NEXT 1048576 MINEXTENTS 1 MAXEXTENTS 2147483645
  PCTINCREASE 0 FREELISTS 1 FREELIST GROUPS 1
  BUFFER_POOL DEFAULT FLASH_CACHE DEFAULT CELL_FLASH_CACHE DEFAULT)
  TABLESPACE "DBLAB"  ENABLE;
--------------------------------------------------------
--  Constraints for Table BENUTZER
--------------------------------------------------------

  ALTER TABLE "DSTEVIC"."BENUTZER" MODIFY ("BENUTZERNAME" NOT NULL ENABLE);
  ALTER TABLE "DSTEVIC"."BENUTZER" MODIFY ("PASSWORT" NOT NULL ENABLE);
  ALTER TABLE "DSTEVIC"."BENUTZER" ADD CONSTRAINT "BENUTZER_PK" PRIMARY KEY ("BENUTZERNAME")
  USING INDEX PCTFREE 10 INITRANS 2 MAXTRANS 255 COMPUTE STATISTICS 
  STORAGE(INITIAL 65536 NEXT 1048576 MINEXTENTS 1 MAXEXTENTS 2147483645
  PCTINCREASE 0 FREELISTS 1 FREELIST GROUPS 1
  BUFFER_POOL DEFAULT FLASH_CACHE DEFAULT CELL_FLASH_CACHE DEFAULT)
  TABLESPACE "DBLAB"  ENABLE;
--------------------------------------------------------
--  Constraints for Table RECHNUNG
--------------------------------------------------------

  ALTER TABLE "DSTEVIC"."RECHNUNG" MODIFY ("RECHNUNGS_NR" NOT NULL ENABLE);
  ALTER TABLE "DSTEVIC"."RECHNUNG" MODIFY ("PATIENTEN_ID" NOT NULL ENABLE);
  ALTER TABLE "DSTEVIC"."RECHNUNG" MODIFY ("BETRAG" NOT NULL ENABLE);
  ALTER TABLE "DSTEVIC"."RECHNUNG" ADD CONSTRAINT "CKC_RECHNUNGS_NR_RECHNUNG" CHECK (RECHNUNGS_NR >= 1) ENABLE;
  ALTER TABLE "DSTEVIC"."RECHNUNG" ADD CONSTRAINT "PK_RECHNUNG" PRIMARY KEY ("RECHNUNGS_NR")
  USING INDEX PCTFREE 10 INITRANS 2 MAXTRANS 255 COMPUTE STATISTICS 
  STORAGE(INITIAL 65536 NEXT 1048576 MINEXTENTS 1 MAXEXTENTS 2147483645
  PCTINCREASE 0 FREELISTS 1 FREELIST GROUPS 1
  BUFFER_POOL DEFAULT FLASH_CACHE DEFAULT CELL_FLASH_CACHE DEFAULT)
  TABLESPACE "DBLAB"  ENABLE;
--------------------------------------------------------
--  Constraints for Table PATIENT
--------------------------------------------------------

  ALTER TABLE "DSTEVIC"."PATIENT" MODIFY ("PATIENTEN_ID" NOT NULL ENABLE);
  ALTER TABLE "DSTEVIC"."PATIENT" MODIFY ("KRANKENHAUS_ID" NOT NULL ENABLE);
  ALTER TABLE "DSTEVIC"."PATIENT" MODIFY ("NAME" NOT NULL ENABLE);
  ALTER TABLE "DSTEVIC"."PATIENT" MODIFY ("AUFNAHME_DATUM" NOT NULL ENABLE);
  ALTER TABLE "DSTEVIC"."PATIENT" MODIFY ("GESCHLECHT" NOT NULL ENABLE);
  ALTER TABLE "DSTEVIC"."PATIENT" MODIFY ("GEBURTSDATUM" NOT NULL ENABLE);
  ALTER TABLE "DSTEVIC"."PATIENT" ADD CONSTRAINT "CKC_PATIENTEN_ID_PATIENT" CHECK (PATIENTEN_ID >= 1) ENABLE;
  ALTER TABLE "DSTEVIC"."PATIENT" ADD CONSTRAINT "CKC_GESCHLECHT_PATIENT" CHECK (GESCHLECHT between 0 and 1) ENABLE;
  ALTER TABLE "DSTEVIC"."PATIENT" ADD CONSTRAINT "PK_PATIENT" PRIMARY KEY ("PATIENTEN_ID")
  USING INDEX PCTFREE 10 INITRANS 2 MAXTRANS 255 COMPUTE STATISTICS 
  STORAGE(INITIAL 65536 NEXT 1048576 MINEXTENTS 1 MAXEXTENTS 2147483645
  PCTINCREASE 0 FREELISTS 1 FREELIST GROUPS 1
  BUFFER_POOL DEFAULT FLASH_CACHE DEFAULT CELL_FLASH_CACHE DEFAULT)
  TABLESPACE "DBLAB"  ENABLE;
  ALTER TABLE "DSTEVIC"."PATIENT" MODIFY ("PATIENTENRAUM_ID" NOT NULL ENABLE);
--------------------------------------------------------
--  Ref Constraints for Table ARZT
--------------------------------------------------------

  ALTER TABLE "DSTEVIC"."ARZT" ADD CONSTRAINT "FK_ARZT_RELATIONS_KRANKENH" FOREIGN KEY ("KRANKENHAUS_ID")
	  REFERENCES "DSTEVIC"."KRANKENHAUS" ("KRANKENHAUS_ID") ENABLE;
--------------------------------------------------------
--  Ref Constraints for Table ARZT_OPERATION
--------------------------------------------------------

  ALTER TABLE "DSTEVIC"."ARZT_OPERATION" ADD CONSTRAINT "FK_ARZT_OPE_DURCHGEFU_ARZT" FOREIGN KEY ("MITARBEITER_NR")
	  REFERENCES "DSTEVIC"."ARZT" ("MITARBEITER_NR") ON DELETE CASCADE ENABLE;
  ALTER TABLE "DSTEVIC"."ARZT_OPERATION" ADD CONSTRAINT "FK_ARZT_OPE_FUHRT_DUR_OPERATIO" FOREIGN KEY ("BEHANDLUNGS_ID")
	  REFERENCES "DSTEVIC"."OPERATION" ("BEHANDLUNGS_ID") ON DELETE CASCADE ENABLE;
--------------------------------------------------------
--  Ref Constraints for Table ARZT_THERAPIE
--------------------------------------------------------

  ALTER TABLE "DSTEVIC"."ARZT_THERAPIE" ADD CONSTRAINT "FK_ARZT_THE_DURCHGEFU_ARZT" FOREIGN KEY ("MITARBEITER_NR")
	  REFERENCES "DSTEVIC"."ARZT" ("MITARBEITER_NR") ON DELETE CASCADE ENABLE;
  ALTER TABLE "DSTEVIC"."ARZT_THERAPIE" ADD CONSTRAINT "FK_ARZT_THE_FUHRT_DUR_THERAPIE" FOREIGN KEY ("BEHANDLUNGS_ID")
	  REFERENCES "DSTEVIC"."THERAPIE" ("BEHANDLUNGS_ID") ON DELETE CASCADE ENABLE;
--------------------------------------------------------
--  Ref Constraints for Table DIAGNOSE
--------------------------------------------------------

  ALTER TABLE "DSTEVIC"."DIAGNOSE" ADD CONSTRAINT "FK_DIAGNOSE_RELATIONS_ARZT" FOREIGN KEY ("MITARBEITER_NR")
	  REFERENCES "DSTEVIC"."ARZT" ("MITARBEITER_NR") ENABLE;
  ALTER TABLE "DSTEVIC"."DIAGNOSE" ADD CONSTRAINT "FK_DIAGNOSE_PATIENT" FOREIGN KEY ("PATIENTEN_ID")
	  REFERENCES "DSTEVIC"."PATIENT" ("PATIENTEN_ID") ON DELETE CASCADE ENABLE;
--------------------------------------------------------
--  Ref Constraints for Table KRANKENPFLEGER
--------------------------------------------------------

  ALTER TABLE "DSTEVIC"."KRANKENPFLEGER" ADD CONSTRAINT "FK_KRANKENP_RELATIONS_KRANKENH" FOREIGN KEY ("KRANKENHAUS_ID")
	  REFERENCES "DSTEVIC"."KRANKENHAUS" ("KRANKENHAUS_ID") ENABLE;
--------------------------------------------------------
--  Ref Constraints for Table KRANKENPFLEGER_ARZT
--------------------------------------------------------

  ALTER TABLE "DSTEVIC"."KRANKENPFLEGER_ARZT" ADD CONSTRAINT "FK_KRANKENP_DURCHGEFU_KRANKENP" FOREIGN KEY ("MITARBEITER_NR")
	  REFERENCES "DSTEVIC"."KRANKENPFLEGER" ("MITARBEITER_NR") ENABLE;
  ALTER TABLE "DSTEVIC"."KRANKENPFLEGER_ARZT" ADD CONSTRAINT "FK_KRANKENP_FUHRT_DUR_OPERATIO" FOREIGN KEY ("BEHANDLUNGS_ID")
	  REFERENCES "DSTEVIC"."OPERATION" ("BEHANDLUNGS_ID") ENABLE;
--------------------------------------------------------
--  Ref Constraints for Table KRANKENPFLEGER_THERAPIE
--------------------------------------------------------

  ALTER TABLE "DSTEVIC"."KRANKENPFLEGER_THERAPIE" ADD CONSTRAINT "FK_KRANKENP_DURCHGEFU_KRANKEN2" FOREIGN KEY ("MITARBEITER_NR")
	  REFERENCES "DSTEVIC"."KRANKENPFLEGER" ("MITARBEITER_NR") ON DELETE CASCADE ENABLE;
  ALTER TABLE "DSTEVIC"."KRANKENPFLEGER_THERAPIE" ADD CONSTRAINT "FK_KRANKENP_FUHRT_DUR_THERAPIE" FOREIGN KEY ("BEHANDLUNGS_ID")
	  REFERENCES "DSTEVIC"."THERAPIE" ("BEHANDLUNGS_ID")ON DELETE CASCADE ENABLE;
--------------------------------------------------------
--  Ref Constraints for Table LAGERRAUM
--------------------------------------------------------

  ALTER TABLE "DSTEVIC"."LAGERRAUM" ADD CONSTRAINT "FK_LAGERRAUM_STATION" FOREIGN KEY ("STATIONS_ID")
	  REFERENCES "DSTEVIC"."STATION" ("STATIONS_ID") ON DELETE CASCADE ENABLE;
--------------------------------------------------------
--  Ref Constraints for Table MEDIKAMENT
--------------------------------------------------------

  ALTER TABLE "DSTEVIC"."MEDIKAMENT" ADD CONSTRAINT "FK_MEDIKAMENT_LAGERRAUM" FOREIGN KEY ("LAGERRAUM_ID")
	  REFERENCES "DSTEVIC"."LAGERRAUM" ("LAGERRAUM_ID") ENABLE;
  ALTER TABLE "DSTEVIC"."MEDIKAMENT" ADD CONSTRAINT "FK_PATIENTEN_ID" FOREIGN KEY ("PATIENTEN_ID")
	  REFERENCES "DSTEVIC"."PATIENT" ("PATIENTEN_ID") ENABLE;
--------------------------------------------------------
--  Ref Constraints for Table OPERATION
--------------------------------------------------------

  ALTER TABLE "DSTEVIC"."OPERATION" ADD CONSTRAINT "FK_OPERATION_OPERATIONSSAAL" FOREIGN KEY ("OPERATIONSSAAL_ID")
	  REFERENCES "DSTEVIC"."OPERATIONSSAAL" ("OPERATIONSSAAL_ID") ENABLE;
--------------------------------------------------------
--  Ref Constraints for Table OPERATION_DIAGNOSE
--------------------------------------------------------

  ALTER TABLE "DSTEVIC"."OPERATION_DIAGNOSE" ADD CONSTRAINT "FK_OPERATIO_BASIERT_A_DIAGNOSE" FOREIGN KEY ("DIAGNOSE_ID")
	  REFERENCES "DSTEVIC"."DIAGNOSE" ("DIAGNOSE_ID") ON DELETE CASCADE ENABLE;
  ALTER TABLE "DSTEVIC"."OPERATION_DIAGNOSE" ADD CONSTRAINT "FK_OPERATIO_VERANLASS_OPERATIO" FOREIGN KEY ("BEHANDLUNGS_ID")
	  REFERENCES "DSTEVIC"."OPERATION" ("BEHANDLUNGS_ID") ON DELETE CASCADE ENABLE;
--------------------------------------------------------
--  Ref Constraints for Table OPERATIONSSAAL
--------------------------------------------------------

  ALTER TABLE "DSTEVIC"."OPERATIONSSAAL" ADD CONSTRAINT "FK_OPERATIONSSAAL_STATION" FOREIGN KEY ("STATIONS_ID")
	  REFERENCES "DSTEVIC"."STATION" ("STATIONS_ID") ON DELETE CASCADE ENABLE;
--------------------------------------------------------
--  Ref Constraints for Table PATIENT
--------------------------------------------------------

  ALTER TABLE "DSTEVIC"."PATIENT" ADD CONSTRAINT "FK_PATIENT_1_KRANKENH" FOREIGN KEY ("KRANKENHAUS_ID")
	  REFERENCES "DSTEVIC"."KRANKENHAUS" ("KRANKENHAUS_ID") ENABLE;
  ALTER TABLE "DSTEVIC"."PATIENT" ADD CONSTRAINT "FK_PATIENT_PATIENTENRAUM" FOREIGN KEY ("PATIENTENRAUM_ID")
	  REFERENCES "DSTEVIC"."PATIENTENRAUM" ("PATIENTENRAUM_ID") ENABLE;
--------------------------------------------------------
--  Ref Constraints for Table PATIENTENRAUM
--------------------------------------------------------

  ALTER TABLE "DSTEVIC"."PATIENTENRAUM" ADD CONSTRAINT "FK_PATIENTENRAUM_STATION" FOREIGN KEY ("STATIONS_ID")
	  REFERENCES "DSTEVIC"."STATION" ("STATIONS_ID") ON DELETE CASCADE ENABLE;
--------------------------------------------------------
--  Ref Constraints for Table PATIENT_VERSICHERUNG
--------------------------------------------------------

  ALTER TABLE "DSTEVIC"."PATIENT_VERSICHERUNG" ADD CONSTRAINT "FK_PATIENT__VERSICHER_PATIENT" FOREIGN KEY ("PATIENTEN_ID")
	  REFERENCES "DSTEVIC"."PATIENT" ("PATIENTEN_ID") ON DELETE CASCADE ENABLE;
  ALTER TABLE "DSTEVIC"."PATIENT_VERSICHERUNG" ADD CONSTRAINT "FK_PATIENT_VERSICHERUNG" FOREIGN KEY ("BETRIEBSNUMMER")
	  REFERENCES "DSTEVIC"."VERSICHERUNG" ("BETRIEBSNUMMER") ON DELETE CASCADE ENABLE;
--------------------------------------------------------
--  Ref Constraints for Table RECHNUNG
--------------------------------------------------------

  ALTER TABLE "DSTEVIC"."RECHNUNG" ADD CONSTRAINT "FK_VERSICHERUNG_RECHNUNG" FOREIGN KEY ("BETRIEBSNUMMER")
	  REFERENCES "DSTEVIC"."VERSICHERUNG" ("BETRIEBSNUMMER") ENABLE;
  ALTER TABLE "DSTEVIC"."RECHNUNG" ADD CONSTRAINT "FK_RECHNUNG_RELATIONS_PATIENT" FOREIGN KEY ("PATIENTEN_ID")
	  REFERENCES "DSTEVIC"."PATIENT" ("PATIENTEN_ID") ENABLE;
--------------------------------------------------------
--  Ref Constraints for Table STATION
--------------------------------------------------------

  ALTER TABLE "DSTEVIC"."STATION" ADD CONSTRAINT "FK_STATION_RELATIONS_KRANKENH" FOREIGN KEY ("KRANKENHAUS_ID")
	  REFERENCES "DSTEVIC"."KRANKENHAUS" ("KRANKENHAUS_ID") ENABLE;
--------------------------------------------------------
--  Ref Constraints for Table STATION_ARZT
--------------------------------------------------------

  ALTER TABLE "DSTEVIC"."STATION_ARZT" ADD CONSTRAINT "FK_STATION__GELEITET__ARZT" FOREIGN KEY ("MITARBEITER_NR")
	  REFERENCES "DSTEVIC"."ARZT" ("MITARBEITER_NR") ON DELETE CASCADE ENABLE;
  ALTER TABLE "DSTEVIC"."STATION_ARZT" ADD CONSTRAINT "FK_STATION_ARZT" FOREIGN KEY ("STATIONS_ID")
	  REFERENCES "DSTEVIC"."STATION" ("STATIONS_ID") ON DELETE CASCADE ENABLE;
--------------------------------------------------------
--  Ref Constraints for Table STATION_KRANKENPFLEGER
--------------------------------------------------------

  ALTER TABLE "DSTEVIC"."STATION_KRANKENPFLEGER" ADD CONSTRAINT "FK_STATION__GELEITET__KRANKENP" FOREIGN KEY ("MITARBEITER_NR")
	  REFERENCES "DSTEVIC"."KRANKENPFLEGER" ("MITARBEITER_NR") ON DELETE CASCADE ENABLE;
  ALTER TABLE "DSTEVIC"."STATION_KRANKENPFLEGER" ADD CONSTRAINT "FK_STATION_KRANKENPFLEGER" FOREIGN KEY ("STATIONS_ID")
	  REFERENCES "DSTEVIC"."STATION" ("STATIONS_ID") ON DELETE CASCADE ENABLE;
--------------------------------------------------------
--  Ref Constraints for Table THERAPIE_DIAGNOSE
--------------------------------------------------------

  ALTER TABLE "DSTEVIC"."THERAPIE_DIAGNOSE" ADD CONSTRAINT "FK_THERAPIE_BASIERT_A_DIAGNOSE" FOREIGN KEY ("DIAGNOSE_ID")
	  REFERENCES "DSTEVIC"."DIAGNOSE" ("DIAGNOSE_ID") ON DELETE CASCADE ENABLE;
  ALTER TABLE "DSTEVIC"."THERAPIE_DIAGNOSE" ADD CONSTRAINT "FK_THERAPIE_VERANLASS_THERAPIE" FOREIGN KEY ("BEHANDLUNGS_ID")
	  REFERENCES "DSTEVIC"."THERAPIE" ("BEHANDLUNGS_ID") ON DELETE CASCADE ENABLE;